TestNo,TestName
1,org.jgrapht.alg.BellmanFordShortestPathTest
2,org.jgrapht.alg.BiconnectivityInspectorTest
3,org.jgrapht.alg.BlockCutpointGraphTest
4,org.jgrapht.alg.BronKerboschCliqueFinderTest
5,org.jgrapht.alg.ChromaticNumberTest
6,org.jgrapht.alg.CycleDetectorTest
7,org.jgrapht.alg.DijkstraShortestPathTest
8,org.jgrapht.alg.EdmondsBlossomShrinkingTest
9,org.jgrapht.alg.EdmondsKarpMaximumFlowTest
10,org.jgrapht.alg.EulerianCircuitTest
11,org.jgrapht.alg.FloydWarshallShortestPathsTest
12,org.jgrapht.alg.HamiltonianCycleTest
13,org.jgrapht.alg.HopcroftKarpBipartiteMatchingTest
14,org.jgrapht.alg.KSPDiscardsValidPathsTest
15,org.jgrapht.alg.KSPExampleTest
16,org.jgrapht.alg.KShortestPathCostTest
17,org.jgrapht.alg.KShortestPathKValuesTest
18,org.jgrapht.alg.KuhnMunkresMinimalWeightBipartitePerfectMatchingTest
19,org.jgrapht.alg.MinSourceSinkCutTest
20,org.jgrapht.alg.MinimumSpanningTreeTest
21,org.jgrapht.alg.NeighborIndexTest
22,org.jgrapht.alg.StoerWagnerMinimumCutTest
23,org.jgrapht.alg.TarjanLowestCommonAncestorTest
24,org.jgrapht.alg.TransitiveClosureTest
25,org.jgrapht.alg.VertexCoversTest
26,org.jgrapht.alg.cycle.DirectedSimpleCyclesTest
27,org.jgrapht.alg.cycle.UndirectedCycleBaseTest
28,org.jgrapht.alg.util.UnionFindTest
29,org.jgrapht.experimental.GraphReaderTest
30,org.jgrapht.experimental.alg.ColoringTest
31,org.jgrapht.experimental.dag.DirectedAcyclicGraphTest
32,org.jgrapht.experimental.equivalence.EquivalenceGroupCreatorTest
33,org.jgrapht.experimental.isomorphism.IsomorphismInspectorTest
34,org.jgrapht.experimental.permutation.CompoundPermutationIterTest
35,org.jgrapht.generate.GraphGeneratorTest
36,org.jgrapht.generate.RandomGraphGeneratorTest
37,org.jgrapht.graph.AsUndirectedGraphTest
38,org.jgrapht.graph.AsUnweightedGraphTest
39,org.jgrapht.graph.AsWeightedGraphTest
40,org.jgrapht.graph.CloneTest
41,org.jgrapht.graph.DefaultDirectedGraphTest
42,org.jgrapht.graph.EqualsAndHashCodeTest
43,org.jgrapht.graph.GenericGraphsTest
44,org.jgrapht.graph.ListenableGraphTest
45,org.jgrapht.graph.SerializationTest
46,org.jgrapht.graph.SimpleDirectedGraphTest
47,org.jgrapht.graph.SubgraphTest
48,org.jgrapht.traverse.BreadthFirstIteratorTest
49,org.jgrapht.traverse.ClosestFirstIteratorTest
50,org.jgrapht.traverse.DepthFirstIteratorTest
51,org.jgrapht.traverse.IgnoreDirectionTest
52,org.jgrapht.traverse.TopologicalOrderIteratorTest
53,org.jgrapht.util.FibonacciHeapTest
54,org.jgrapht.util.PrefetchIteratorTest
