MutantNo,[FAIL | TIME | EXC | LIVE]
1,EXC
2,EXC
3,FAIL
4,FAIL
5,FAIL
17,LIVE
18,FAIL
19,LIVE
22,LIVE
23,EXC
24,EXC
25,LIVE
26,LIVE
27,FAIL
28,LIVE
29,LIVE
30,EXC
31,LIVE
32,EXC
33,FAIL
34,EXC
35,EXC
36,EXC
38,EXC
39,EXC
40,EXC
41,FAIL
42,EXC
44,EXC
45,LIVE
46,FAIL
47,FAIL
48,FAIL
49,EXC
50,EXC
51,EXC
52,EXC
53,EXC
54,EXC
55,LIVE
56,EXC
57,EXC
58,EXC
59,EXC
60,FAIL
61,FAIL
62,FAIL
63,FAIL
64,EXC
65,EXC
66,EXC
67,EXC
68,EXC
69,EXC
70,LIVE
72,FAIL
73,FAIL
74,EXC
75,FAIL
76,EXC
77,EXC
78,EXC
79,EXC
80,EXC
81,EXC
82,EXC
83,EXC
84,LIVE
85,FAIL
86,EXC
87,EXC
88,EXC
89,LIVE
90,LIVE
91,EXC
92,EXC
93,LIVE
94,EXC
95,EXC
96,EXC
97,FAIL
98,FAIL
99,FAIL
100,FAIL
101,EXC
102,FAIL
103,EXC
104,EXC
105,EXC
106,EXC
107,LIVE
108,LIVE
109,LIVE
110,EXC
111,LIVE
112,LIVE
113,EXC
114,EXC
115,FAIL
116,EXC
117,LIVE
118,LIVE
119,LIVE
120,EXC
121,LIVE
122,EXC
123,LIVE
124,LIVE
125,EXC
126,EXC
127,EXC
128,LIVE
129,LIVE
130,LIVE
131,EXC
132,LIVE
133,LIVE
134,EXC
135,EXC
136,EXC
137,EXC
138,EXC
139,EXC
140,LIVE
141,EXC
142,EXC
143,LIVE
144,FAIL
145,LIVE
146,EXC
147,EXC
148,FAIL
149,LIVE
150,LIVE
152,EXC
153,LIVE
154,EXC
155,EXC
156,EXC
157,FAIL
158,EXC
159,EXC
160,EXC
161,FAIL
162,EXC
163,FAIL
164,FAIL
165,EXC
166,EXC
167,EXC
168,EXC
169,EXC
170,EXC
171,FAIL
172,FAIL
173,LIVE
174,FAIL
175,EXC
176,FAIL
177,FAIL
178,EXC
179,LIVE
180,LIVE
181,EXC
182,LIVE
183,LIVE
184,EXC
185,EXC
186,FAIL
187,LIVE
188,FAIL
189,FAIL
190,FAIL
191,EXC
192,EXC
193,EXC
194,EXC
196,EXC
197,EXC
198,EXC
199,EXC
200,EXC
201,EXC
202,EXC
203,LIVE
204,EXC
205,EXC
206,EXC
207,EXC
208,FAIL
209,EXC
210,EXC
211,LIVE
212,LIVE
213,LIVE
214,FAIL
215,EXC
216,EXC
217,LIVE
218,FAIL
219,EXC
220,EXC
221,FAIL
222,EXC
223,EXC
224,EXC
225,FAIL
226,LIVE
227,LIVE
228,FAIL
229,LIVE
230,FAIL
231,LIVE
232,LIVE
233,LIVE
234,LIVE
235,LIVE
236,FAIL
237,FAIL
238,FAIL
239,LIVE
240,FAIL
241,FAIL
242,LIVE
243,FAIL
244,FAIL
245,FAIL
246,FAIL
247,LIVE
248,LIVE
249,LIVE
250,LIVE
251,LIVE
252,LIVE
253,LIVE
254,FAIL
255,LIVE
256,LIVE
257,LIVE
258,EXC
259,LIVE
260,LIVE
261,LIVE
262,EXC
263,EXC
264,EXC
265,FAIL
266,FAIL
267,FAIL
268,LIVE
269,LIVE
270,LIVE
271,FAIL
272,EXC
273,EXC
274,FAIL
275,LIVE
276,EXC
277,FAIL
278,EXC
279,EXC
280,FAIL
281,LIVE
282,EXC
283,EXC
284,LIVE
285,EXC
286,EXC
287,FAIL
288,EXC
289,FAIL
290,EXC
291,EXC
292,EXC
293,FAIL
294,FAIL
295,EXC
296,FAIL
297,EXC
298,EXC
299,EXC
300,EXC
301,FAIL
302,FAIL
303,FAIL
304,EXC
312,EXC
313,FAIL
314,FAIL
315,LIVE
316,LIVE
317,FAIL
318,EXC
319,EXC
320,EXC
321,EXC
322,EXC
323,EXC
324,EXC
325,EXC
326,EXC
327,FAIL
328,FAIL
329,FAIL
330,LIVE
331,FAIL
332,FAIL
333,LIVE
334,FAIL
335,EXC
336,EXC
337,EXC
338,EXC
339,LIVE
340,EXC
341,EXC
342,EXC
343,EXC
344,LIVE
345,EXC
346,LIVE
347,FAIL
348,EXC
352,FAIL
353,EXC
354,EXC
355,EXC
356,FAIL
357,FAIL
358,EXC
359,EXC
360,FAIL
361,LIVE
362,EXC
363,LIVE
364,LIVE
365,LIVE
366,FAIL
367,LIVE
368,FAIL
369,FAIL
370,EXC
371,EXC
372,EXC
373,FAIL
374,FAIL
375,LIVE
376,FAIL
377,EXC
378,FAIL
379,EXC
380,EXC
381,EXC
382,EXC
383,FAIL
384,FAIL
385,LIVE
386,EXC
387,FAIL
388,EXC
389,EXC
390,FAIL
391,EXC
392,FAIL
393,FAIL
394,FAIL
395,FAIL
396,FAIL
397,FAIL
398,FAIL
399,LIVE
400,FAIL
401,LIVE
402,FAIL
403,LIVE
404,FAIL
405,EXC
406,LIVE
407,FAIL
408,FAIL
409,LIVE
410,EXC
411,EXC
412,LIVE
413,EXC
415,EXC
416,EXC
417,FAIL
418,FAIL
419,EXC
420,EXC
421,FAIL
422,FAIL
423,FAIL
424,FAIL
425,EXC
426,FAIL
427,FAIL
428,FAIL
429,FAIL
430,FAIL
431,FAIL
432,FAIL
433,LIVE
434,EXC
435,EXC
436,EXC
437,FAIL
438,EXC
439,EXC
440,EXC
443,FAIL
444,EXC
445,LIVE
446,LIVE
447,LIVE
448,EXC
449,FAIL
450,FAIL
451,EXC
452,FAIL
453,EXC
454,FAIL
455,EXC
456,EXC
457,EXC
458,LIVE
459,FAIL
460,EXC
461,FAIL
462,FAIL
463,FAIL
464,EXC
465,LIVE
466,FAIL
469,LIVE
470,LIVE
471,EXC
472,FAIL
473,FAIL
474,FAIL
475,FAIL
476,FAIL
477,EXC
478,FAIL
479,EXC
480,EXC
481,EXC
482,EXC
483,FAIL
484,FAIL
485,EXC
486,EXC
487,EXC
488,EXC
489,EXC
490,LIVE
491,FAIL
492,EXC
493,FAIL
494,EXC
495,EXC
496,EXC
497,EXC
498,EXC
499,EXC
500,EXC
501,FAIL
502,LIVE
503,LIVE
504,LIVE
505,FAIL
506,FAIL
507,EXC
509,EXC
510,EXC
511,FAIL
512,EXC
513,EXC
514,EXC
515,EXC
516,FAIL
517,EXC
518,FAIL
519,EXC
520,FAIL
521,LIVE
522,LIVE
523,FAIL
524,FAIL
525,EXC
526,EXC
527,EXC
528,FAIL
529,FAIL
530,FAIL
531,FAIL
532,EXC
533,EXC
534,EXC
535,FAIL
536,FAIL
537,FAIL
538,EXC
539,EXC
540,EXC
541,FAIL
542,FAIL
543,FAIL
544,EXC
545,EXC
546,LIVE
547,EXC
548,EXC
549,EXC
550,EXC
551,EXC
552,EXC
553,EXC
554,EXC
555,EXC
556,FAIL
557,FAIL
558,EXC
559,EXC
560,EXC
561,EXC
562,EXC
563,LIVE
564,EXC
565,FAIL
566,LIVE
567,EXC
568,EXC
569,EXC
570,EXC
571,FAIL
572,EXC
573,FAIL
574,EXC
575,EXC
576,FAIL
577,LIVE
578,EXC
579,EXC
580,EXC
581,EXC
582,FAIL
583,FAIL
584,FAIL
585,EXC
586,EXC
587,FAIL
588,FAIL
589,EXC
590,FAIL
591,LIVE
592,LIVE
593,EXC
594,LIVE
595,EXC
596,LIVE
597,EXC
598,LIVE
599,LIVE
600,LIVE
601,EXC
602,LIVE
603,LIVE
604,FAIL
605,EXC
606,FAIL
607,EXC
608,FAIL
609,EXC
610,EXC
611,EXC
612,EXC
613,EXC
614,FAIL
615,FAIL
616,EXC
617,EXC
618,FAIL
619,EXC
620,EXC
621,EXC
622,EXC
623,EXC
624,FAIL
625,FAIL
626,LIVE
627,EXC
628,EXC
629,EXC
630,LIVE
631,EXC
632,LIVE
633,LIVE
634,EXC
635,EXC
636,EXC
637,FAIL
638,FAIL
639,FAIL
640,FAIL
641,EXC
642,LIVE
643,FAIL
644,EXC
645,LIVE
646,EXC
647,EXC
648,FAIL
649,FAIL
650,FAIL
651,FAIL
652,FAIL
653,FAIL
654,FAIL
655,LIVE
656,FAIL
657,FAIL
658,FAIL
659,FAIL
660,LIVE
661,FAIL
662,FAIL
663,FAIL
664,EXC
665,EXC
666,FAIL
667,FAIL
668,FAIL
669,FAIL
670,FAIL
671,LIVE
672,FAIL
673,FAIL
674,EXC
675,FAIL
676,LIVE
677,FAIL
678,FAIL
679,FAIL
683,FAIL
684,FAIL
685,EXC
686,EXC
687,EXC
688,LIVE
689,LIVE
690,LIVE
691,LIVE
692,LIVE
693,FAIL
694,EXC
695,EXC
696,FAIL
697,EXC
698,FAIL
699,LIVE
700,EXC
701,LIVE
702,FAIL
703,EXC
704,EXC
705,FAIL
706,FAIL
707,LIVE
708,FAIL
709,TIME
710,FAIL
711,EXC
712,FAIL
713,LIVE
714,EXC
723,EXC
724,EXC
725,FAIL
726,LIVE
727,LIVE
728,LIVE
729,LIVE
730,FAIL
733,FAIL
734,FAIL
735,FAIL
736,FAIL
737,FAIL
738,FAIL
739,FAIL
740,FAIL
741,FAIL
742,FAIL
743,FAIL
744,FAIL
745,FAIL
746,EXC
747,FAIL
748,FAIL
749,LIVE
750,LIVE
751,LIVE
752,LIVE
753,LIVE
754,LIVE
755,LIVE
756,LIVE
757,LIVE
758,LIVE
759,LIVE
760,LIVE
761,LIVE
762,LIVE
763,LIVE
764,LIVE
765,LIVE
766,LIVE
767,LIVE
768,LIVE
769,LIVE
770,LIVE
771,EXC
772,LIVE
773,LIVE
774,LIVE
775,LIVE
776,LIVE
777,LIVE
778,LIVE
779,LIVE
780,LIVE
781,LIVE
782,LIVE
783,LIVE
784,LIVE
785,LIVE
786,LIVE
787,LIVE
788,LIVE
789,LIVE
790,LIVE
791,LIVE
792,LIVE
793,LIVE
794,LIVE
795,LIVE
796,LIVE
797,LIVE
798,LIVE
799,LIVE
800,LIVE
801,LIVE
802,LIVE
803,LIVE
804,LIVE
805,LIVE
806,LIVE
807,LIVE
808,LIVE
809,LIVE
810,LIVE
811,LIVE
812,LIVE
813,FAIL
814,LIVE
815,LIVE
816,FAIL
817,LIVE
818,LIVE
819,LIVE
820,FAIL
821,EXC
822,LIVE
823,EXC
824,FAIL
825,LIVE
826,LIVE
827,LIVE
828,LIVE
829,FAIL
830,FAIL
831,FAIL
832,FAIL
833,FAIL
834,FAIL
835,FAIL
836,FAIL
837,FAIL
838,FAIL
839,LIVE
840,LIVE
841,LIVE
842,FAIL
845,LIVE
846,FAIL
847,FAIL
848,FAIL
849,LIVE
850,FAIL
851,FAIL
852,LIVE
853,FAIL
854,FAIL
855,FAIL
856,FAIL
857,FAIL
858,FAIL
859,FAIL
861,EXC
862,EXC
863,EXC
864,EXC
865,EXC
866,EXC
867,FAIL
868,FAIL
869,EXC
870,EXC
871,LIVE
872,LIVE
873,EXC
874,FAIL
875,LIVE
876,FAIL
877,FAIL
878,LIVE
879,FAIL
880,FAIL
881,FAIL
882,EXC
883,EXC
884,LIVE
885,FAIL
886,EXC
887,EXC
888,FAIL
889,FAIL
890,FAIL
891,FAIL
892,FAIL
893,FAIL
894,FAIL
895,FAIL
896,FAIL
897,FAIL
898,FAIL
899,FAIL
900,FAIL
901,FAIL
902,FAIL
903,FAIL
904,FAIL
905,FAIL
906,LIVE
907,LIVE
908,FAIL
909,LIVE
910,FAIL
911,LIVE
912,LIVE
913,LIVE
914,LIVE
915,LIVE
916,EXC
917,FAIL
918,EXC
919,EXC
920,EXC
921,LIVE
922,FAIL
923,EXC
924,LIVE
925,LIVE
926,FAIL
927,FAIL
928,LIVE
929,FAIL
930,FAIL
931,EXC
932,EXC
933,EXC
934,FAIL
935,EXC
936,FAIL
937,FAIL
938,FAIL
939,FAIL
940,FAIL
941,LIVE
942,FAIL
943,FAIL
944,FAIL
945,LIVE
946,FAIL
947,FAIL
948,EXC
949,EXC
950,EXC
951,EXC
952,EXC
953,FAIL
954,FAIL
955,LIVE
956,LIVE
957,FAIL
958,LIVE
959,EXC
960,EXC
961,EXC
962,FAIL
963,LIVE
964,EXC
968,EXC
969,EXC
972,LIVE
973,EXC
974,EXC
975,EXC
976,EXC
977,LIVE
978,LIVE
979,LIVE
980,LIVE
981,FAIL
982,EXC
983,FAIL
984,FAIL
985,EXC
986,FAIL
987,EXC
988,LIVE
989,LIVE
990,LIVE
991,LIVE
993,FAIL
994,FAIL
995,LIVE
997,EXC
998,FAIL
999,FAIL
1000,FAIL
1001,FAIL
1002,FAIL
1003,FAIL
1004,FAIL
1005,FAIL
1006,EXC
1007,EXC
1008,EXC
1009,FAIL
1010,FAIL
1011,LIVE
1012,FAIL
1013,FAIL
1014,FAIL
1015,LIVE
1016,LIVE
1017,FAIL
1019,FAIL
1020,EXC
1021,FAIL
1022,FAIL
1023,EXC
1024,FAIL
1025,FAIL
1026,EXC
1027,EXC
1028,FAIL
1029,FAIL
1030,FAIL
1031,FAIL
1032,FAIL
1033,FAIL
1034,EXC
1035,EXC
1036,FAIL
1037,FAIL
1038,EXC
1039,LIVE
1040,FAIL
1041,FAIL
1042,FAIL
1043,FAIL
1044,LIVE
1045,FAIL
1046,FAIL
1047,EXC
1048,LIVE
1049,EXC
1050,FAIL
1051,FAIL
1052,EXC
1053,EXC
1054,EXC
1055,EXC
1056,EXC
1057,EXC
1058,EXC
1059,FAIL
1060,EXC
1061,FAIL
1062,FAIL
1063,EXC
1064,FAIL
1065,FAIL
1066,FAIL
1067,FAIL
1068,FAIL
1069,EXC
1070,EXC
1071,EXC
1072,EXC
1073,FAIL
1074,EXC
1075,EXC
1076,EXC
1077,FAIL
1078,EXC
1079,FAIL
1080,FAIL
1081,FAIL
1082,EXC
1083,FAIL
1084,FAIL
1085,FAIL
1086,FAIL
1087,FAIL
1088,EXC
1089,LIVE
1091,EXC
1092,EXC
1093,EXC
1094,FAIL
1095,FAIL
1096,EXC
1097,FAIL
1098,LIVE
1099,FAIL
1101,LIVE
1102,LIVE
1103,EXC
1104,EXC
1105,LIVE
1106,EXC
1107,EXC
1108,EXC
1109,FAIL
1110,FAIL
1111,LIVE
1112,LIVE
1113,EXC
1114,LIVE
1115,EXC
1116,LIVE
1117,LIVE
1118,EXC
1119,LIVE
1120,FAIL
1121,EXC
1122,EXC
1123,FAIL
1124,EXC
1125,FAIL
1126,LIVE
1127,FAIL
1128,FAIL
1129,FAIL
1130,FAIL
1131,LIVE
1132,FAIL
1133,LIVE
1134,LIVE
1135,FAIL
1136,FAIL
1137,FAIL
1138,EXC
1139,FAIL
1140,FAIL
1141,EXC
1142,LIVE
1143,FAIL
1144,FAIL
1145,EXC
1146,EXC
1147,FAIL
1148,EXC
1150,EXC
1151,LIVE
1152,LIVE
1153,FAIL
1154,EXC
1155,FAIL
1156,EXC
1157,LIVE
1158,EXC
1159,LIVE
1160,LIVE
1161,EXC
1162,EXC
1163,FAIL
1164,LIVE
1165,FAIL
1166,LIVE
1167,LIVE
1168,FAIL
1169,FAIL
1170,EXC
1171,EXC
1172,FAIL
1173,FAIL
1174,FAIL
1175,LIVE
1176,FAIL
1177,LIVE
1178,LIVE
1179,FAIL
1180,EXC
1181,EXC
1182,LIVE
1183,LIVE
1184,LIVE
1185,LIVE
1186,LIVE
1187,LIVE
1188,EXC
1189,FAIL
1190,FAIL
1191,FAIL
1192,FAIL
1193,LIVE
1194,LIVE
1197,LIVE
1198,LIVE
1199,LIVE
1202,EXC
1203,FAIL
1204,FAIL
1207,EXC
1208,TIME
1209,EXC
1210,EXC
1211,EXC
1212,LIVE
1213,LIVE
1214,EXC
1215,LIVE
1216,FAIL
1217,FAIL
1219,LIVE
1220,LIVE
1221,FAIL
1222,FAIL
1223,FAIL
1226,FAIL
1227,EXC
1228,LIVE
1229,EXC
1230,FAIL
1231,EXC
1232,FAIL
1233,EXC
1234,EXC
1235,LIVE
1236,EXC
1237,EXC
1238,EXC
1239,EXC
1240,LIVE
1241,EXC
1242,LIVE
1243,EXC
1244,LIVE
1245,EXC
1246,LIVE
1247,FAIL
1248,EXC
1249,LIVE
1250,EXC
1251,FAIL
1252,EXC
1253,FAIL
1254,FAIL
1255,EXC
1256,LIVE
1257,EXC
1258,FAIL
1259,EXC
1260,FAIL
1261,EXC
1262,LIVE
1263,EXC
1264,EXC
1265,FAIL
1266,FAIL
1267,FAIL
1268,FAIL
1269,LIVE
1270,EXC
1271,FAIL
1273,EXC
1274,FAIL
1275,FAIL
1276,EXC
1277,FAIL
1278,EXC
1279,FAIL
1280,FAIL
1281,EXC
1282,EXC
1283,FAIL
1284,FAIL
1285,FAIL
1286,FAIL
1287,FAIL
1288,EXC
1289,LIVE
1290,LIVE
1291,FAIL
1292,LIVE
1293,LIVE
1294,LIVE
1295,LIVE
1296,EXC
1297,LIVE
1298,EXC
1299,FAIL
1300,LIVE
1302,FAIL
1303,FAIL
1304,LIVE
1306,FAIL
1307,FAIL
1308,EXC
1309,LIVE
1310,FAIL
1311,EXC
1312,EXC
1313,FAIL
1314,FAIL
1315,FAIL
1316,LIVE
1317,EXC
1318,FAIL
1319,EXC
1320,FAIL
1321,FAIL
1322,FAIL
1323,EXC
1324,EXC
1325,FAIL
1326,EXC
1327,LIVE
1328,FAIL
1329,LIVE
1330,FAIL
1331,EXC
1332,LIVE
1333,FAIL
1334,FAIL
1335,FAIL
1336,EXC
1337,LIVE
1338,LIVE
1339,EXC
1340,LIVE
1341,LIVE
1342,EXC
1343,LIVE
1344,LIVE
1345,LIVE
1346,EXC
1347,EXC
1348,FAIL
1349,FAIL
1350,FAIL
1351,FAIL
1352,LIVE
1353,LIVE
1354,EXC
1355,EXC
1356,LIVE
1357,EXC
1358,EXC
1359,EXC
1360,EXC
1361,FAIL
1362,EXC
1363,EXC
1364,EXC
1365,EXC
1366,FAIL
1367,EXC
1369,EXC
1370,EXC
1371,LIVE
1372,EXC
1373,EXC
1374,EXC
1375,EXC
1376,LIVE
1377,EXC
1378,EXC
1379,EXC
1380,EXC
1381,LIVE
1382,EXC
1383,EXC
1384,LIVE
1385,EXC
1386,EXC
1387,LIVE
1388,EXC
1389,FAIL
1390,LIVE
1391,EXC
1392,EXC
1393,EXC
1394,EXC
1395,LIVE
1396,LIVE
1397,FAIL
1398,EXC
1399,EXC
1400,LIVE
1401,LIVE
1402,EXC
1403,EXC
1404,EXC
1405,LIVE
1406,EXC
1407,EXC
1408,LIVE
1409,LIVE
1410,LIVE
1411,FAIL
1412,FAIL
1415,FAIL
1416,EXC
1417,FAIL
1418,FAIL
1419,EXC
1420,FAIL
1421,FAIL
1422,LIVE
1423,FAIL
1424,FAIL
1425,EXC
1426,FAIL
1427,EXC
1428,EXC
1429,LIVE
1430,EXC
1431,EXC
1432,EXC
1433,EXC
1434,LIVE
1435,EXC
1436,EXC
1437,EXC
1438,FAIL
1439,EXC
1440,LIVE
1441,EXC
1442,EXC
1443,EXC
1444,LIVE
1445,EXC
1446,FAIL
1447,EXC
1448,FAIL
1449,FAIL
1450,FAIL
1451,FAIL
1452,TIME
1453,EXC
1454,EXC
1455,FAIL
1503,LIVE
1504,LIVE
1511,EXC
1512,EXC
1513,EXC
1514,EXC
1515,LIVE
1516,EXC
1517,EXC
1518,LIVE
1519,EXC
1520,LIVE
1521,EXC
1522,EXC
1523,LIVE
1524,LIVE
1525,LIVE
1526,EXC
1527,EXC
1528,EXC
1529,EXC
1530,EXC
1531,LIVE
1532,EXC
1533,FAIL
1534,FAIL
1535,FAIL
1536,FAIL
1537,EXC
1538,EXC
1539,LIVE
1540,EXC
1541,EXC
1542,LIVE
1543,EXC
1544,FAIL
1545,EXC
1546,EXC
1547,FAIL
1548,LIVE
1549,FAIL
1550,EXC
1551,EXC
1552,EXC
1553,FAIL
1554,FAIL
1555,TIME
1556,EXC
1557,EXC
1558,EXC
1559,FAIL
1560,EXC
1561,EXC
1562,LIVE
1563,EXC
1564,EXC
1565,EXC
1566,EXC
1567,EXC
1568,EXC
1569,FAIL
1570,FAIL
1571,EXC
1572,FAIL
1573,EXC
1574,FAIL
1575,LIVE
1576,LIVE
1577,LIVE
1578,LIVE
1579,EXC
1580,LIVE
1581,LIVE
1582,LIVE
1583,LIVE
1584,LIVE
1585,LIVE
1586,LIVE
1587,LIVE
1588,LIVE
1589,LIVE
1590,LIVE
1591,FAIL
1592,EXC
1593,LIVE
1594,LIVE
1595,LIVE
1596,LIVE
1597,LIVE
1598,FAIL
1599,FAIL
1600,EXC
1601,EXC
1602,EXC
1603,EXC
1604,EXC
1605,LIVE
1606,EXC
1607,EXC
1608,FAIL
1609,EXC
1610,LIVE
1611,LIVE
1612,EXC
1613,EXC
1614,EXC
1616,EXC
1617,EXC
1618,EXC
1619,LIVE
1620,FAIL
1622,LIVE
1623,FAIL
1624,LIVE
1625,FAIL
1627,LIVE
1628,EXC
1629,EXC
1630,FAIL
1631,LIVE
1632,FAIL
1633,FAIL
1634,EXC
1635,FAIL
1636,LIVE
1637,FAIL
1638,EXC
1639,EXC
1640,FAIL
1641,EXC
1642,EXC
1643,EXC
1644,FAIL
1645,LIVE
1646,EXC
1647,FAIL
1648,FAIL
1649,EXC
1650,FAIL
1652,EXC
1653,LIVE
1654,FAIL
1655,FAIL
1656,FAIL
1657,LIVE
1658,LIVE
1659,FAIL
1660,FAIL
1661,EXC
1672,EXC
1673,EXC
1674,EXC
1675,EXC
1677,EXC
1679,EXC
1680,EXC
1681,EXC
1682,LIVE
1683,FAIL
1685,LIVE
1686,FAIL
1687,LIVE
1688,FAIL
1690,LIVE
1691,EXC
1692,EXC
1693,FAIL
1694,LIVE
1695,FAIL
1696,FAIL
1697,EXC
1698,FAIL
1699,LIVE
1700,LIVE
1701,FAIL
1702,EXC
1703,EXC
1704,FAIL
1705,EXC
1706,LIVE
1707,EXC
1708,EXC
1709,FAIL
1710,EXC
1711,FAIL
1713,LIVE
1715,FAIL
1742,EXC
1744,EXC
1745,EXC
1746,EXC
1747,EXC
1748,EXC
1749,EXC
1750,EXC
1751,EXC
1752,EXC
1753,LIVE
1754,FAIL
1755,FAIL
1756,FAIL
1757,FAIL
1758,EXC
1759,LIVE
1760,FAIL
1761,TIME
1762,FAIL
1763,EXC
1764,LIVE
1765,FAIL
1766,LIVE
1767,FAIL
1768,LIVE
1769,FAIL
1770,FAIL
1771,EXC
1772,LIVE
1773,LIVE
1774,LIVE
1775,FAIL
1776,LIVE
1777,FAIL
1778,EXC
1779,FAIL
1780,LIVE
1781,LIVE
1782,LIVE
1783,LIVE
1784,LIVE
1785,LIVE
1786,LIVE
1787,FAIL
1789,LIVE
1790,FAIL
1791,LIVE
1792,FAIL
1793,LIVE
1794,LIVE
1795,LIVE
1796,LIVE
1797,FAIL
1811,LIVE
1812,FAIL
1813,EXC
1814,FAIL
1815,EXC
1816,EXC
1817,LIVE
1818,LIVE
1819,LIVE
1838,LIVE
1839,EXC
1840,FAIL
1841,LIVE
1842,FAIL
1843,EXC
1844,LIVE
1845,EXC
1846,LIVE
1847,FAIL
1848,EXC
1849,LIVE
1850,FAIL
1851,FAIL
1852,FAIL
1853,FAIL
1854,FAIL
1855,FAIL
1856,LIVE
1857,LIVE
1858,EXC
1859,EXC
1860,EXC
1861,EXC
1862,EXC
1863,EXC
1864,EXC
1865,LIVE
1866,EXC
1867,EXC
1868,EXC
1869,EXC
1870,EXC
1871,FAIL
1872,EXC
1873,LIVE
1874,EXC
1875,FAIL
1876,EXC
1877,EXC
1878,EXC
1879,EXC
1880,FAIL
1881,FAIL
1882,EXC
1883,EXC
1884,FAIL
1885,FAIL
1886,EXC
1887,EXC
1888,EXC
1889,EXC
1890,FAIL
1891,EXC
1892,EXC
1893,EXC
1894,LIVE
1895,EXC
1896,LIVE
1897,EXC
1898,FAIL
1899,FAIL
1900,FAIL
1901,FAIL
1902,FAIL
1903,FAIL
1904,EXC
1905,FAIL
1906,FAIL
1907,FAIL
1908,EXC
1909,FAIL
1910,EXC
1911,LIVE
1912,EXC
1913,FAIL
1914,FAIL
1915,FAIL
1916,FAIL
1917,FAIL
1918,EXC
1919,EXC
1920,LIVE
1921,EXC
1922,FAIL
1923,EXC
1924,FAIL
1925,EXC
1926,FAIL
1927,LIVE
1928,LIVE
1929,FAIL
1930,FAIL
1931,EXC
1932,FAIL
1933,LIVE
1934,EXC
1935,EXC
1936,FAIL
1937,FAIL
1938,FAIL
1939,TIME
1940,FAIL
1941,FAIL
1942,FAIL
1943,FAIL
1944,FAIL
1945,FAIL
1946,FAIL
1947,FAIL
1948,FAIL
1949,FAIL
1950,FAIL
1951,FAIL
1952,EXC
1953,FAIL
1954,FAIL
1955,FAIL
1956,FAIL
1957,FAIL
1958,LIVE
1959,EXC
1960,FAIL
1961,FAIL
1962,FAIL
1963,EXC
1964,EXC
1965,EXC
1966,EXC
1967,EXC
1968,EXC
1969,LIVE
1970,EXC
1971,EXC
1972,EXC
1973,EXC
1974,EXC
1975,EXC
1976,LIVE
1977,EXC
1978,EXC
1979,EXC
1980,EXC
1981,EXC
1982,EXC
1983,FAIL
1984,FAIL
1985,FAIL
1986,FAIL
1987,FAIL
1988,LIVE
1991,EXC
1992,EXC
1993,EXC
1994,LIVE
1995,FAIL
1996,FAIL
1997,FAIL
1998,FAIL
1999,FAIL
2000,FAIL
2001,FAIL
2002,LIVE
2003,FAIL
2004,FAIL
2005,FAIL
2006,FAIL
2007,EXC
2008,FAIL
2009,FAIL
2010,EXC
2011,EXC
2012,EXC
2013,LIVE
2014,FAIL
2015,LIVE
2016,FAIL
2017,FAIL
2018,LIVE
2019,EXC
2020,EXC
2021,EXC
2022,LIVE
2023,FAIL
2024,TIME
2025,FAIL
2026,FAIL
2027,LIVE
2028,FAIL
2029,FAIL
2030,LIVE
2031,FAIL
2032,FAIL
2033,TIME
2034,FAIL
2035,FAIL
2036,TIME
2037,FAIL
2038,FAIL
2039,LIVE
2040,LIVE
2041,EXC
2042,LIVE
2043,LIVE
2044,FAIL
2045,EXC
2046,EXC
2050,EXC
2051,LIVE
2052,EXC
2053,EXC
2054,LIVE
2055,EXC
2056,LIVE
2057,EXC
2058,LIVE
2059,LIVE
2060,LIVE
2061,LIVE
2062,EXC
2063,FAIL
2064,EXC
2065,LIVE
2066,EXC
2067,FAIL
2068,FAIL
2069,FAIL
2070,EXC
2071,LIVE
2072,EXC
2073,FAIL
2074,FAIL
2075,FAIL
2076,FAIL
2077,EXC
2078,EXC
2079,EXC
2080,FAIL
2081,FAIL
2082,FAIL
2083,FAIL
2084,FAIL
2085,EXC
2086,LIVE
2087,EXC
2088,FAIL
2089,FAIL
2090,EXC
2091,LIVE
2092,EXC
2093,FAIL
2094,FAIL
2095,EXC
2096,LIVE
2097,EXC
2098,FAIL
2099,FAIL
2100,FAIL
2101,FAIL
2102,FAIL
2103,FAIL
2104,LIVE
2105,FAIL
2106,FAIL
2107,LIVE
2108,EXC
2109,FAIL
2110,EXC
2111,FAIL
2112,LIVE
2113,FAIL
2114,FAIL
2115,FAIL
2116,FAIL
2117,LIVE
2118,EXC
2119,LIVE
2120,EXC
2121,FAIL
2122,LIVE
2123,EXC
2124,LIVE
2125,EXC
2126,FAIL
2127,FAIL
2128,LIVE
2129,FAIL
2130,LIVE
2131,FAIL
2132,FAIL
2133,FAIL
2134,FAIL
2135,FAIL
2201,EXC
2202,EXC
2237,LIVE
2240,LIVE
2241,LIVE
2242,LIVE
2243,LIVE
2244,LIVE
2245,LIVE
2246,LIVE
2249,LIVE
2250,LIVE
2251,LIVE
2252,LIVE
2253,LIVE
2254,LIVE
2255,EXC
2256,EXC
2257,EXC
2258,EXC
2259,EXC
2260,EXC
2261,EXC
2262,EXC
2263,EXC
2264,EXC
2265,EXC
2266,EXC
2267,EXC
2268,EXC
2269,EXC
2270,EXC
2271,EXC
2272,FAIL
2273,LIVE
2274,EXC
2275,FAIL
2276,EXC
2277,LIVE
2278,FAIL
2279,EXC
2280,LIVE
2281,LIVE
2282,LIVE
2283,LIVE
2284,EXC
2285,EXC
2286,EXC
2287,LIVE
2288,EXC
2289,LIVE
2290,EXC
2291,LIVE
2292,LIVE
2293,LIVE
2294,EXC
2295,LIVE
2296,EXC
2297,LIVE
2298,LIVE
2299,LIVE
2300,LIVE
2301,LIVE
2302,LIVE
2303,LIVE
2304,LIVE
2305,LIVE
2306,LIVE
2307,LIVE
2308,LIVE
2309,LIVE
2310,LIVE
2311,EXC
2312,LIVE
2313,EXC
2314,EXC
2315,EXC
2316,LIVE
2317,EXC
2318,EXC
2319,EXC
2320,FAIL
2330,EXC
2331,FAIL
2332,LIVE
2333,FAIL
2334,FAIL
2335,FAIL
2336,FAIL
2337,FAIL
2338,LIVE
2339,EXC
2340,EXC
2341,EXC
2342,LIVE
2343,LIVE
2344,FAIL
2345,EXC
2346,LIVE
2347,FAIL
2348,FAIL
2349,LIVE
2350,FAIL
2351,LIVE
2352,FAIL
2353,FAIL
2354,FAIL
2355,EXC
2356,LIVE
2357,FAIL
2358,FAIL
2359,FAIL
2360,FAIL
2361,FAIL
2362,FAIL
2363,LIVE
2364,FAIL
2365,FAIL
2366,FAIL
2367,FAIL
2368,FAIL
2369,EXC
2370,EXC
2371,FAIL
2372,EXC
2373,EXC
2374,EXC
2375,EXC
2376,EXC
2377,FAIL
2378,LIVE
2379,FAIL
2380,FAIL
2381,EXC
2382,EXC
2383,FAIL
2384,EXC
2385,FAIL
2386,FAIL
2387,LIVE
2388,FAIL
2389,FAIL
2390,LIVE
2391,FAIL
2392,FAIL
2393,FAIL
2394,FAIL
2395,LIVE
2396,EXC
2397,LIVE
2398,LIVE
2399,LIVE
2400,FAIL
2401,LIVE
2402,FAIL
2403,LIVE
2404,EXC
2405,EXC
2406,FAIL
2407,LIVE
2408,FAIL
2409,LIVE
2410,LIVE
2411,FAIL
2412,LIVE
2413,LIVE
2414,LIVE
2415,FAIL
2416,LIVE
2417,FAIL
2418,LIVE
2419,EXC
2420,FAIL
2421,LIVE
2422,FAIL
2423,FAIL
2424,EXC
2425,FAIL
2426,FAIL
2427,FAIL
2428,LIVE
2429,FAIL
2430,FAIL
2431,FAIL
2432,FAIL
2433,FAIL
2434,FAIL
2435,FAIL
2436,FAIL
2437,FAIL
2438,LIVE
2439,LIVE
2440,EXC
2441,LIVE
2442,LIVE
2443,LIVE
2444,LIVE
2445,EXC
2446,EXC
2447,EXC
2448,EXC
2449,LIVE
2450,EXC
2451,LIVE
2452,LIVE
2453,FAIL
2454,EXC
2455,LIVE
2456,EXC
2457,EXC
2458,EXC
2459,LIVE
2460,EXC
2461,EXC
2462,EXC
2463,EXC
2464,EXC
2465,FAIL
2466,EXC
2467,LIVE
2468,LIVE
2469,EXC
2470,EXC
2471,LIVE
2472,LIVE
2473,LIVE
2474,EXC
2475,LIVE
2476,LIVE
2477,LIVE
2478,EXC
2479,LIVE
2480,LIVE
2481,LIVE
2482,LIVE
2483,EXC
2484,EXC
2485,EXC
2486,EXC
2488,EXC
2489,EXC
2490,EXC
2491,FAIL
2492,FAIL
2493,FAIL
2494,LIVE
2495,LIVE
2496,LIVE
2497,FAIL
2498,EXC
2499,EXC
2500,EXC
2501,LIVE
2502,EXC
2503,EXC
2504,FAIL
2505,EXC
2506,EXC
2507,EXC
2508,EXC
2509,FAIL
2510,EXC
2511,EXC
2512,EXC
2513,FAIL
2514,LIVE
2516,EXC
2517,LIVE
2518,EXC
2519,EXC
2520,EXC
2521,LIVE
2522,EXC
2523,EXC
2524,EXC
2525,FAIL
2526,EXC
2527,EXC
2528,LIVE
2529,LIVE
2530,EXC
2531,EXC
2532,EXC
2533,EXC
2534,EXC
2535,EXC
2536,EXC
2537,LIVE
2538,EXC
2539,EXC
2540,FAIL
2541,FAIL
2542,EXC
2543,EXC
2544,EXC
2545,EXC
2546,EXC
2547,EXC
2548,FAIL
2549,LIVE
2550,EXC
2551,EXC
2552,EXC
2553,EXC
2554,EXC
2555,EXC
2556,EXC
2557,EXC
2558,EXC
2559,EXC
2560,EXC
2561,EXC
2562,EXC
2563,EXC
2564,FAIL
2565,EXC
2566,EXC
2567,EXC
2568,LIVE
2569,EXC
2570,FAIL
2571,EXC
2572,FAIL
2573,FAIL
2574,LIVE
2575,FAIL
2576,EXC
2577,EXC
2578,EXC
2579,EXC
2580,EXC
2581,FAIL
2582,EXC
2583,EXC
2584,LIVE
2585,EXC
2586,EXC
2587,LIVE
2588,LIVE
2589,EXC
2590,EXC
2591,EXC
2592,LIVE
2593,EXC
2594,EXC
2595,LIVE
2596,EXC
2597,LIVE
2598,FAIL
2599,EXC
2600,EXC
2601,LIVE
2602,FAIL
2603,EXC
2604,EXC
2605,EXC
2606,LIVE
2607,EXC
2608,FAIL
2609,EXC
2610,FAIL
2611,FAIL
2612,FAIL
2613,FAIL
2614,EXC
2615,LIVE
2616,EXC
2617,EXC
2618,EXC
2619,FAIL
2620,FAIL
2621,EXC
2622,FAIL
2623,FAIL
2624,FAIL
2625,EXC
2626,EXC
2627,FAIL
2628,FAIL
2629,EXC
2630,LIVE
2631,FAIL
2632,FAIL
2633,FAIL
2634,EXC
2635,FAIL
2636,FAIL
2637,EXC
2638,FAIL
2639,FAIL
2640,FAIL
2641,LIVE
2642,EXC
2643,EXC
2644,FAIL
2645,FAIL
2646,EXC
2647,FAIL
2648,FAIL
2649,FAIL
2650,LIVE
2651,FAIL
2652,FAIL
2653,EXC
2654,FAIL
2655,FAIL
2656,EXC
2657,FAIL
2659,FAIL
2660,LIVE
2661,FAIL
2662,FAIL
2663,LIVE
2666,LIVE
2667,EXC
2668,LIVE
2669,EXC
2670,EXC
2671,EXC
2672,EXC
2673,EXC
2674,EXC
2675,LIVE
2676,EXC
2681,EXC
2682,FAIL
2683,LIVE
2684,LIVE
2685,FAIL
2686,FAIL
2687,FAIL
2688,LIVE
2689,EXC
2690,EXC
2691,FAIL
2692,EXC
2693,EXC
2694,EXC
2695,EXC
2696,EXC
2697,EXC
2698,EXC
2699,FAIL
2700,FAIL
2701,EXC
2702,EXC
2703,EXC
2704,EXC
2705,EXC
2706,LIVE
2707,FAIL
2708,FAIL
2709,LIVE
2710,LIVE
2711,FAIL
2712,EXC
2713,EXC
2714,FAIL
2715,FAIL
2716,FAIL
2717,FAIL
2718,LIVE
2719,EXC
2720,EXC
2721,EXC
2722,FAIL
2723,FAIL
2724,FAIL
2725,FAIL
2726,FAIL
2727,FAIL
2728,EXC
2729,FAIL
2730,EXC
2731,FAIL
2732,LIVE
2733,LIVE
2734,EXC
2735,EXC
2736,EXC
2737,EXC
2738,EXC
2739,EXC
2740,EXC
2741,LIVE
2742,LIVE
2743,EXC
2744,EXC
2745,EXC
2746,EXC
2747,EXC
2748,EXC
2749,EXC
2750,EXC
2751,LIVE
2752,EXC
2753,EXC
2754,EXC
2755,EXC
2756,EXC
2757,EXC
2758,EXC
2759,EXC
2760,EXC
2761,EXC
2762,EXC
2763,EXC
2764,LIVE
2765,EXC
2766,EXC
2767,EXC
2768,EXC
2769,EXC
2770,EXC
2771,LIVE
2772,EXC
2773,EXC
2774,EXC
2775,LIVE
2776,EXC
2778,EXC
2779,EXC
2780,LIVE
2781,EXC
2782,EXC
2783,EXC
2784,EXC
2785,EXC
2786,EXC
2787,EXC
2788,EXC
2789,EXC
2790,EXC
2791,EXC
2792,EXC
2793,LIVE
2794,FAIL
2795,TIME
2796,FAIL
2797,LIVE
2798,EXC
2799,EXC
2800,EXC
2801,EXC
2802,LIVE
2803,EXC
2804,EXC
2805,EXC
2806,LIVE
2807,EXC
2808,LIVE
2809,EXC
2810,LIVE
2811,LIVE
2812,LIVE
2813,EXC
2814,LIVE
2815,EXC
2816,EXC
2817,LIVE
2818,LIVE
2819,EXC
2820,EXC
2821,EXC
2822,EXC
2823,LIVE
2824,EXC
2825,LIVE
2826,LIVE
2827,LIVE
2828,EXC
2829,LIVE
2830,EXC
2831,LIVE
2832,EXC
2833,LIVE
2834,LIVE
2835,LIVE
2836,EXC
2837,LIVE
2838,EXC
2839,EXC
2840,EXC
2841,LIVE
2842,EXC
2843,EXC
2844,EXC
2845,EXC
2846,LIVE
2847,EXC
2848,LIVE
2849,LIVE
2850,EXC
2851,EXC
2852,LIVE
2853,LIVE
2854,EXC
2855,LIVE
2856,EXC
2857,LIVE
2858,LIVE
2859,EXC
2860,LIVE
2861,LIVE
2862,EXC
2863,LIVE
2864,LIVE
2865,EXC
2866,LIVE
2867,EXC
2868,LIVE
2869,EXC
2870,LIVE
2871,EXC
2872,EXC
2873,LIVE
2874,EXC
2875,LIVE
2876,LIVE
2877,EXC
2878,LIVE
2879,EXC
2880,LIVE
2881,EXC
2882,LIVE
2883,LIVE
2884,EXC
2885,LIVE
2886,FAIL
2887,EXC
2888,LIVE
2889,EXC
2890,LIVE
2891,EXC
2892,LIVE
2893,EXC
2894,EXC
2895,LIVE
2896,EXC
2897,EXC
2898,EXC
2899,LIVE
2900,EXC
2901,FAIL
2902,LIVE
2903,LIVE
2904,LIVE
2905,EXC
2906,LIVE
2907,EXC
2908,LIVE
2909,LIVE
2910,FAIL
2911,TIME
2912,LIVE
2913,FAIL
2914,TIME
2915,FAIL
2916,LIVE
2917,FAIL
2918,TIME
2919,LIVE
2920,FAIL
2921,TIME
2922,FAIL
2923,FAIL
2924,LIVE
2925,EXC
2926,LIVE
2927,EXC
2928,FAIL
2929,TIME
2930,EXC
2931,LIVE
2932,EXC
2933,FAIL
2934,LIVE
2935,FAIL
2936,TIME
2937,EXC
2938,FAIL
2939,TIME
2940,LIVE
2941,EXC
2942,LIVE
2943,EXC
2944,LIVE
2945,EXC
2946,LIVE
2947,LIVE
2948,LIVE
2949,LIVE
2950,LIVE
2951,EXC
2952,LIVE
2953,LIVE
2954,FAIL
2955,TIME
2956,FAIL
2957,TIME
2958,EXC
2959,EXC
2960,EXC
2961,LIVE
2962,EXC
2963,FAIL
2964,TIME
2965,FAIL
2966,FAIL
2967,LIVE
2968,EXC
2969,FAIL
2970,TIME
2971,FAIL
2972,FAIL
2973,EXC
2974,LIVE
2975,LIVE
2976,FAIL
2977,FAIL
2978,TIME
2979,LIVE
2980,FAIL
2981,LIVE
2982,LIVE
2983,FAIL
2984,TIME
2985,FAIL
2986,LIVE
2987,FAIL
2988,TIME
2989,EXC
2990,LIVE
2991,EXC
2992,FAIL
2993,FAIL
2994,LIVE
2995,LIVE
2996,EXC
2997,FAIL
2998,TIME
2999,FAIL
3000,TIME
3001,FAIL
3002,TIME
3003,FAIL
3004,TIME
3005,LIVE
3006,FAIL
3007,LIVE
3008,FAIL
3009,FAIL
3010,FAIL
3011,TIME
3012,FAIL
3013,LIVE
3014,EXC
3015,LIVE
3016,EXC
3017,EXC
3018,EXC
3019,LIVE
3020,EXC
3021,LIVE
3022,LIVE
3023,EXC
3024,EXC
3025,LIVE
3026,FAIL
3027,TIME
3028,FAIL
3029,TIME
3030,FAIL
3031,EXC
3032,EXC
3033,LIVE
3034,EXC
3035,FAIL
3036,LIVE
3037,FAIL
3043,FAIL
3044,LIVE
3045,EXC
3046,LIVE
3047,EXC
3048,FAIL
3049,FAIL
3050,TIME
3051,EXC
3052,LIVE
3053,EXC
3054,FAIL
3055,LIVE
3056,EXC
3057,LIVE
3058,FAIL
3059,LIVE
3060,LIVE
3061,EXC
3062,LIVE
3063,EXC
3064,LIVE
3065,FAIL
3066,TIME
3067,EXC
3068,LIVE
3069,EXC
3070,LIVE
3071,LIVE
3072,EXC
3073,EXC
3074,LIVE
3075,EXC
3076,LIVE
3077,EXC
3078,FAIL
3079,TIME
3080,LIVE
3081,EXC
3082,LIVE
3083,EXC
3084,FAIL
3085,TIME
3134,EXC
3135,EXC
3136,FAIL
3137,EXC
3138,EXC
3139,LIVE
3140,EXC
3141,EXC
3142,EXC
3143,FAIL
3144,EXC
3145,LIVE
3146,LIVE
3149,FAIL
3150,TIME
3151,EXC
3152,EXC
3153,LIVE
3154,EXC
3155,LIVE
3156,LIVE
3157,FAIL
3158,TIME
3159,LIVE
3160,EXC
3161,FAIL
3162,LIVE
3163,FAIL
3164,TIME
3165,EXC
3166,FAIL
3167,TIME
3168,FAIL
3169,LIVE
3170,EXC
3171,FAIL
3172,EXC
3173,FAIL
3174,EXC
3175,EXC
3176,EXC
3177,LIVE
3178,EXC
3179,EXC
3183,EXC
3184,EXC
3185,EXC
3186,EXC
3187,FAIL
3188,EXC
3189,EXC
3190,FAIL
3191,EXC
3192,FAIL
3193,FAIL
3194,FAIL
3195,FAIL
3196,EXC
3197,EXC
3198,EXC
3199,FAIL
3200,EXC
3201,FAIL
3202,FAIL
3203,FAIL
3204,FAIL
3205,LIVE
3206,FAIL
3207,FAIL
3208,FAIL
3209,FAIL
3210,EXC
3211,EXC
3212,EXC
3213,EXC
3214,LIVE
3215,FAIL
3216,LIVE
3217,FAIL
3218,LIVE
3219,FAIL
3220,LIVE
3222,EXC
3223,FAIL
3224,FAIL
3225,FAIL
3226,LIVE
3228,EXC
3229,FAIL
3230,FAIL
3231,FAIL
3232,FAIL
3233,EXC
3234,EXC
3235,EXC
3236,EXC
3237,EXC
3238,EXC
3239,LIVE
3240,FAIL
3241,FAIL
3242,FAIL
3243,FAIL
3244,FAIL
3245,FAIL
3246,FAIL
3247,FAIL
3248,FAIL
3249,FAIL
3250,FAIL
3251,FAIL
3252,LIVE
3253,FAIL
3254,FAIL
3255,FAIL
3256,FAIL
3257,FAIL
3258,EXC
3259,FAIL
3260,FAIL
3261,FAIL
3262,FAIL
3263,EXC
3264,EXC
3265,FAIL
3266,EXC
3267,EXC
3268,EXC
3269,EXC
3270,EXC
3271,EXC
3272,EXC
3273,LIVE
3274,EXC
3275,EXC
3276,LIVE
3277,EXC
3278,EXC
3279,EXC
3280,EXC
3281,EXC
3282,EXC
3283,EXC
3284,FAIL
3285,FAIL
3286,LIVE
3287,FAIL
3288,FAIL
3289,FAIL
3290,LIVE
3291,FAIL
3292,EXC
3293,LIVE
3294,FAIL
3295,FAIL
3296,FAIL
3297,EXC
3298,EXC
3299,EXC
3300,LIVE
3301,LIVE
3302,FAIL
3303,LIVE
3304,LIVE
3305,LIVE
3306,LIVE
3307,EXC
3308,FAIL
3309,EXC
3310,FAIL
3311,TIME
3312,EXC
3313,FAIL
3314,FAIL
3315,EXC
3316,EXC
3317,FAIL
3318,FAIL
3319,FAIL
3320,EXC
3321,FAIL
3322,FAIL
3323,LIVE
3324,FAIL
3325,FAIL
3326,EXC
3327,FAIL
3328,FAIL
3329,EXC
3330,EXC
3331,EXC
3332,EXC
3333,EXC
3334,LIVE
3335,LIVE
3336,EXC
3337,EXC
3338,LIVE
3339,FAIL
3340,EXC
3341,EXC
3342,FAIL
3343,FAIL
3344,FAIL
3345,FAIL
3346,FAIL
3347,FAIL
3348,FAIL
3349,FAIL
3350,EXC
3351,EXC
3352,FAIL
3353,FAIL
3354,FAIL
3355,EXC
3356,LIVE
3357,FAIL
3358,EXC
3359,EXC
3360,LIVE
3361,FAIL
3362,FAIL
3363,FAIL
3364,FAIL
3365,EXC
3366,EXC
3367,FAIL
3368,LIVE
3369,FAIL
3370,LIVE
3371,LIVE
3372,FAIL
3373,LIVE
3374,FAIL
3375,FAIL
3376,FAIL
3377,LIVE
3378,LIVE
3379,FAIL
3380,FAIL
3381,FAIL
3382,LIVE
3383,LIVE
3384,LIVE
3385,LIVE
3386,FAIL
3387,FAIL
3388,LIVE
3389,FAIL
3390,LIVE
3391,LIVE
3392,LIVE
3394,FAIL
3395,FAIL
3396,LIVE
3397,EXC
3398,LIVE
3399,LIVE
3400,LIVE
3401,LIVE
3408,EXC
3409,EXC
3410,EXC
3411,EXC
3412,LIVE
3413,FAIL
3414,FAIL
3415,EXC
3416,FAIL
3417,EXC
3418,FAIL
3419,EXC
3420,FAIL
3421,EXC
3422,LIVE
3423,LIVE
3424,EXC
3430,EXC
3431,FAIL
3432,EXC
3433,FAIL
3434,EXC
3435,FAIL
3436,EXC
3437,EXC
3438,FAIL
3439,FAIL
3440,FAIL
3441,TIME
3442,EXC
3443,EXC
3444,FAIL
3445,FAIL
3446,EXC
3447,LIVE
3448,FAIL
3449,FAIL
3450,FAIL
3451,EXC
3452,FAIL
3453,FAIL
3454,FAIL
3455,FAIL
3456,LIVE
3457,LIVE
3458,LIVE
3459,LIVE
3460,LIVE
3461,EXC
3462,FAIL
3463,FAIL
3464,EXC
3465,FAIL
3466,FAIL
3467,FAIL
3468,FAIL
3469,FAIL
3470,LIVE
3471,FAIL
3472,TIME
3473,FAIL
3474,FAIL
3475,FAIL
3476,LIVE
3477,FAIL
3478,FAIL
3479,FAIL
3480,FAIL
3481,EXC
3482,LIVE
3483,FAIL
3484,FAIL
3485,FAIL
3486,EXC
3487,FAIL
3488,FAIL
3489,FAIL
3490,EXC
3491,FAIL
3492,FAIL
3493,FAIL
3494,FAIL
3495,LIVE
3496,FAIL
3497,FAIL
3498,EXC
3499,FAIL
3500,LIVE
3501,FAIL
3502,LIVE
3503,LIVE
3504,LIVE
3505,LIVE
3506,LIVE
3507,EXC
3508,EXC
3509,EXC
3510,EXC
3537,EXC
3538,EXC
3539,LIVE
3540,EXC
3541,FAIL
3542,FAIL
3543,FAIL
3544,FAIL
3545,FAIL
3546,FAIL
3547,LIVE
3548,FAIL
3549,LIVE
3550,LIVE
3551,EXC
3552,EXC
3553,EXC
3554,FAIL
3555,FAIL
3556,FAIL
3557,FAIL
3558,FAIL
3559,FAIL
3560,EXC
3561,EXC
3562,EXC
3563,EXC
3564,FAIL
3565,FAIL
3578,LIVE
3579,EXC
3580,LIVE
3581,LIVE
3582,LIVE
3585,LIVE
3586,FAIL
3588,FAIL
3589,LIVE
3590,LIVE
3591,EXC
3592,LIVE
3593,LIVE
3594,FAIL
3596,FAIL
3597,LIVE
3598,FAIL
3599,EXC
3600,EXC
3601,EXC
3602,EXC
3603,LIVE
3604,EXC
3605,EXC
3606,EXC
3607,LIVE
3608,EXC
3609,EXC
3610,EXC
3611,FAIL
3612,TIME
3613,FAIL
3614,LIVE
3615,EXC
3616,EXC
3617,EXC
3618,EXC
3619,FAIL
3620,EXC
3621,EXC
3622,EXC
3623,EXC
3624,LIVE
3625,EXC
3626,EXC
3627,FAIL
3628,FAIL
3629,EXC
3630,FAIL
3631,EXC
3632,EXC
3633,EXC
3634,EXC
3635,FAIL
3636,EXC
3637,FAIL
3638,EXC
3639,FAIL
3640,FAIL
3641,EXC
3642,FAIL
3643,EXC
3644,EXC
3645,EXC
3646,EXC
3647,FAIL
3648,EXC
3649,FAIL
3650,FAIL
3651,EXC
3654,FAIL
3655,LIVE
3656,EXC
3657,FAIL
3658,FAIL
3659,LIVE
3660,FAIL
3661,EXC
3662,LIVE
3663,FAIL
3664,FAIL
3665,FAIL
3666,FAIL
3667,FAIL
3668,EXC
3669,EXC
3670,EXC
3671,EXC
3672,EXC
3673,EXC
3674,EXC
3675,EXC
3676,EXC
3677,EXC
3678,EXC
3679,EXC
3680,EXC
3681,EXC
3682,EXC
3683,EXC
3684,EXC
3685,EXC
3686,EXC
3687,EXC
3688,EXC
3689,EXC
3690,EXC
3691,EXC
3692,LIVE
3693,EXC
3694,LIVE
3695,EXC
3696,EXC
3697,LIVE
3698,EXC
3699,EXC
3700,EXC
3701,EXC
3702,EXC
3703,EXC
3704,EXC
3705,EXC
3706,EXC
3707,EXC
3708,EXC
3709,EXC
3710,EXC
3711,EXC
3712,LIVE
3713,EXC
3714,EXC
3715,EXC
3716,EXC
3717,EXC
3718,EXC
3719,LIVE
3720,LIVE
3721,EXC
3722,EXC
3723,LIVE
3724,LIVE
3725,EXC
3728,EXC
3729,LIVE
3730,EXC
3731,EXC
3732,FAIL
3733,EXC
3734,EXC
3735,LIVE
3736,EXC
3737,LIVE
3738,LIVE
3739,LIVE
3740,EXC
3741,EXC
3742,EXC
3743,LIVE
3744,FAIL
3745,LIVE
3746,EXC
3747,EXC
3748,LIVE
3749,LIVE
3750,LIVE
3751,FAIL
3752,LIVE
3753,LIVE
3754,LIVE
3755,FAIL
3756,FAIL
3757,LIVE
3758,LIVE
3759,LIVE
3760,LIVE
3761,LIVE
3762,LIVE
3763,LIVE
3764,EXC
3765,EXC
3766,EXC
3767,FAIL
3768,FAIL
3769,FAIL
3770,LIVE
3771,LIVE
3772,LIVE
3773,FAIL
3774,LIVE
3775,FAIL
3776,LIVE
3777,LIVE
3778,LIVE
3779,LIVE
3780,EXC
3781,EXC
3782,EXC
3783,EXC
3784,FAIL
3785,EXC
3786,FAIL
3787,LIVE
3788,FAIL
3789,FAIL
3790,FAIL
3791,FAIL
3797,LIVE
3798,FAIL
3799,FAIL
3800,FAIL
3801,LIVE
3802,FAIL
3803,FAIL
3804,FAIL
3805,FAIL
3806,FAIL
3807,FAIL
3808,FAIL
3809,FAIL
3810,FAIL
3811,EXC
3812,EXC
3813,FAIL
3814,EXC
3815,LIVE
3816,EXC
3817,FAIL
3818,EXC
3819,EXC
3820,EXC
3821,FAIL
3822,FAIL
3823,LIVE
3824,LIVE
3825,EXC
3826,EXC
3827,EXC
3828,LIVE
3829,FAIL
3830,EXC
3831,LIVE
3832,EXC
3833,FAIL
3834,FAIL
3835,FAIL
3836,FAIL
3837,EXC
3838,LIVE
3839,LIVE
3843,LIVE
3844,EXC
3845,LIVE
3846,EXC
3847,FAIL
3848,LIVE
3849,FAIL
3850,LIVE
3851,LIVE
3852,FAIL
3853,EXC
3854,LIVE
3855,EXC
3856,EXC
3857,EXC
3858,EXC
3859,EXC
3860,EXC
3861,EXC
3862,EXC
3863,LIVE
3864,LIVE
3865,LIVE
3866,FAIL
3867,FAIL
3868,FAIL
3869,EXC
3870,LIVE
3871,EXC
3872,EXC
3873,EXC
3874,EXC
3875,EXC
3876,FAIL
3877,EXC
3878,FAIL
3879,LIVE
3880,FAIL
3881,EXC
3882,FAIL
3883,EXC
3884,EXC
3885,EXC
3886,EXC
3887,FAIL
3888,FAIL
3889,FAIL
3890,FAIL
3891,EXC
3892,FAIL
3893,EXC
3894,EXC
3895,EXC
3896,LIVE
3897,EXC
3898,EXC
3899,FAIL
3900,FAIL
3901,FAIL
3902,FAIL
3903,LIVE
3904,FAIL
3905,FAIL
3906,EXC
3907,LIVE
3908,EXC
3909,EXC
3910,EXC
3911,EXC
3912,FAIL
3913,EXC
3914,FAIL
3915,EXC
3916,EXC
3917,EXC
3918,FAIL
3919,FAIL
3920,FAIL
3921,FAIL
3922,EXC
3923,FAIL
3924,EXC
3925,FAIL
3926,FAIL
3927,LIVE
3928,FAIL
3929,FAIL
3930,FAIL
3931,EXC
3932,FAIL
3933,LIVE
3934,FAIL
3935,LIVE
3936,LIVE
3937,LIVE
3938,LIVE
3939,LIVE
3940,FAIL
3941,FAIL
3942,LIVE
3943,FAIL
3944,FAIL
3945,LIVE
3946,EXC
3947,EXC
3948,EXC
3949,EXC
3950,EXC
3951,LIVE
3952,FAIL
3953,FAIL
3954,EXC
3955,LIVE
3956,FAIL
3957,FAIL
3958,FAIL
3959,EXC
3960,FAIL
3961,FAIL
3962,FAIL
3963,LIVE
3964,LIVE
3965,LIVE
3966,LIVE
3967,FAIL
3968,LIVE
3969,FAIL
3973,FAIL
3974,LIVE
3975,FAIL
3976,EXC
3977,LIVE
3978,EXC
3979,LIVE
3980,EXC
3981,LIVE
3987,EXC
3988,EXC
3989,EXC
3990,EXC
3991,EXC
3992,EXC
3993,EXC
3994,EXC
3995,LIVE
3996,EXC
3997,EXC
3998,EXC
3999,LIVE
4000,LIVE
4001,LIVE
4002,LIVE
4003,LIVE
4004,LIVE
4005,LIVE
4006,LIVE
4007,LIVE
4008,EXC
4009,EXC
4010,EXC
4011,EXC
4012,EXC
4013,LIVE
4014,LIVE
4015,LIVE
4016,LIVE
4017,LIVE
4018,LIVE
4019,LIVE
4020,LIVE
4021,EXC
4022,EXC
4023,LIVE
4024,EXC
4025,EXC
4026,LIVE
4027,EXC
4031,LIVE
4032,EXC
4033,LIVE
4034,EXC
4035,EXC
4036,EXC
4037,EXC
4038,FAIL
4039,FAIL
4040,FAIL
4041,LIVE
4042,LIVE
4043,FAIL
4044,FAIL
4045,EXC
4046,EXC
4047,EXC
4048,FAIL
4049,FAIL
4050,FAIL
4051,FAIL
4052,EXC
4053,FAIL
4054,EXC
4055,FAIL
4056,EXC
4057,FAIL
4058,LIVE
4059,FAIL
4063,FAIL
4064,FAIL
4065,EXC
4066,EXC
4067,LIVE
4068,LIVE
4069,FAIL
4072,LIVE
4073,FAIL
4074,FAIL
4075,EXC
4079,LIVE
4080,EXC
4081,LIVE
4082,EXC
4083,EXC
4084,EXC
4085,EXC
4086,EXC
4087,LIVE
4088,LIVE
4089,LIVE
4090,EXC
4091,LIVE
4092,EXC
4093,FAIL
4094,LIVE
4095,LIVE
4096,FAIL
4097,EXC
4098,LIVE
4099,EXC
4100,LIVE
4101,EXC
4102,EXC
4103,EXC
4104,FAIL
4105,LIVE
4106,FAIL
4107,EXC
4108,EXC
4109,EXC
4110,EXC
4111,EXC
4112,LIVE
4113,FAIL
4114,LIVE
4115,EXC
4116,EXC
4117,FAIL
4118,FAIL
4119,EXC
4120,LIVE
4121,LIVE
4123,FAIL
4124,FAIL
4125,FAIL
4126,FAIL
4127,FAIL
4128,EXC
4129,EXC
4130,FAIL
4131,LIVE
4132,LIVE
4133,LIVE
4134,LIVE
4135,FAIL
4136,LIVE
4137,LIVE
4138,LIVE
4139,LIVE
4140,FAIL
4141,LIVE
4142,LIVE
4143,FAIL
4144,LIVE
4145,FAIL
4146,FAIL
4147,FAIL
4148,LIVE
4149,EXC
4150,LIVE
4151,LIVE
4152,EXC
4153,EXC
4154,FAIL
4155,LIVE
4156,FAIL
4157,FAIL
4158,EXC
4159,EXC
4160,FAIL
4161,LIVE
4162,EXC
4164,EXC
4165,EXC
4166,EXC
4167,EXC
4168,EXC
4169,EXC
4170,EXC
4171,EXC
4172,EXC
4173,EXC
4174,EXC
4175,EXC
4176,EXC
4177,EXC
4178,LIVE
4179,EXC
4180,EXC
4181,EXC
4182,LIVE
4183,LIVE
4184,LIVE
4185,LIVE
4186,LIVE
4187,LIVE
4188,LIVE
4189,LIVE
4190,LIVE
4191,LIVE
4192,EXC
4193,EXC
4194,FAIL
4195,EXC
4196,EXC
4197,FAIL
4198,EXC
4199,LIVE
4200,EXC
4201,EXC
4202,LIVE
4203,EXC
4207,LIVE
4208,EXC
4209,LIVE
4210,EXC
4211,FAIL
4212,FAIL
4213,EXC
4214,LIVE
4215,EXC
4216,LIVE
4217,EXC
4218,EXC
4219,EXC
4220,EXC
4221,LIVE
4222,FAIL
4223,LIVE
4224,FAIL
4225,FAIL
4226,FAIL
4227,FAIL
4228,FAIL
4229,FAIL
4230,LIVE
4231,FAIL
4232,FAIL
4233,LIVE
4234,FAIL
4235,FAIL
4236,FAIL
4237,FAIL
4238,EXC
4239,EXC
4240,FAIL
4241,LIVE
4242,LIVE
4243,LIVE
4244,LIVE
4245,FAIL
4246,FAIL
4247,EXC
4248,FAIL
4249,FAIL
4250,FAIL
4251,LIVE
4252,LIVE
4253,LIVE
4254,LIVE
4255,FAIL
4256,LIVE
4257,FAIL
4258,FAIL
4259,FAIL
4260,LIVE
4261,EXC
4262,EXC
4263,EXC
4264,EXC
4265,EXC
4266,EXC
4267,LIVE
4268,LIVE
4269,EXC
4270,LIVE
4271,LIVE
4272,LIVE
4273,LIVE
4274,LIVE
4275,EXC
4276,LIVE
4277,EXC
4278,EXC
4279,LIVE
4280,EXC
4284,LIVE
4285,EXC
4286,LIVE
4287,EXC
4288,EXC
4289,EXC
4290,EXC
4291,EXC
4292,LIVE
4293,LIVE
4294,EXC
4295,EXC
4296,EXC
4297,FAIL
4298,LIVE
4300,LIVE
4301,LIVE
4302,LIVE
4303,EXC
4304,EXC
4305,LIVE
4306,FAIL
4307,FAIL
4308,EXC
4309,EXC
4310,EXC
4311,FAIL
4312,LIVE
4313,FAIL
4314,LIVE
4315,FAIL
4316,FAIL
4317,FAIL
4318,FAIL
4319,FAIL
4320,LIVE
4321,FAIL
4322,FAIL
4323,FAIL
4324,FAIL
4325,FAIL
4326,FAIL
4327,FAIL
4328,FAIL
4329,LIVE
4330,EXC
4331,EXC
4332,FAIL
4333,FAIL
4334,FAIL
4335,EXC
4336,LIVE
4337,FAIL
4338,EXC
4339,EXC
4340,LIVE
4341,EXC
4342,FAIL
4343,FAIL
4344,EXC
4345,EXC
4346,EXC
4347,EXC
4348,EXC
4349,EXC
4350,EXC
4351,FAIL
4352,FAIL
4353,EXC
4354,FAIL
4355,FAIL
4356,FAIL
4357,FAIL
4358,FAIL
4359,EXC
4360,FAIL
4361,LIVE
4362,FAIL
4363,EXC
4364,LIVE
4365,LIVE
4366,FAIL
4367,EXC
4368,FAIL
4369,EXC
4370,FAIL
4371,LIVE
4372,LIVE
4373,LIVE
4374,LIVE
4375,LIVE
4376,LIVE
4377,LIVE
4378,LIVE
4379,LIVE
4380,LIVE
4381,LIVE
4382,LIVE
4383,LIVE
4384,LIVE
4385,LIVE
4386,LIVE
4387,LIVE
4388,LIVE
4389,LIVE
4390,LIVE
4391,LIVE
4392,LIVE
4393,LIVE
4394,LIVE
4395,LIVE
4396,LIVE
4397,LIVE
4398,LIVE
4399,LIVE
4400,LIVE
4401,LIVE
4402,LIVE
4403,LIVE
4404,LIVE
4405,LIVE
4406,LIVE
4407,LIVE
4408,LIVE
4409,LIVE
4410,LIVE
4411,LIVE
4412,LIVE
4413,LIVE
4414,LIVE
4416,EXC
4417,LIVE
4418,LIVE
4419,EXC
4420,LIVE
4421,LIVE
4422,LIVE
4423,EXC
4424,EXC
4425,EXC
4426,EXC
4427,EXC
4428,LIVE
4429,LIVE
4430,LIVE
4431,EXC
4432,LIVE
4433,LIVE
4434,EXC
4435,LIVE
4436,LIVE
4437,LIVE
4438,EXC
4439,LIVE
4440,EXC
4441,LIVE
4442,LIVE
4443,LIVE
4444,EXC
4445,EXC
4446,LIVE
4447,EXC
4448,EXC
4450,EXC
4451,EXC
4452,EXC
4453,EXC
4454,EXC
4455,LIVE
4456,EXC
4457,EXC
4458,EXC
4461,EXC
4462,EXC
4463,EXC
4464,EXC
4465,FAIL
4466,LIVE
4467,FAIL
4468,EXC
4469,EXC
4470,EXC
4471,EXC
4472,EXC
4473,EXC
4474,EXC
4475,EXC
4476,EXC
4477,EXC
4478,FAIL
4479,EXC
4480,FAIL
4481,EXC
4482,FAIL
4483,LIVE
4484,EXC
4485,EXC
4486,EXC
4487,EXC
4488,LIVE
4489,LIVE
4490,LIVE
4491,LIVE
4492,EXC
4493,LIVE
4494,LIVE
4495,LIVE
4496,LIVE
4497,LIVE
4498,LIVE
4499,EXC
4500,EXC
4501,LIVE
4502,LIVE
4503,FAIL
4812,EXC
4813,EXC
4814,EXC
4815,EXC
4816,EXC
4817,EXC
4818,EXC
4819,FAIL
4820,EXC
4821,LIVE
4822,EXC
4823,FAIL
4824,EXC
4825,EXC
4826,EXC
4827,FAIL
4828,FAIL
4829,EXC
4830,FAIL
4831,FAIL
4832,EXC
4833,FAIL
4834,FAIL
4835,LIVE
4836,EXC
4837,LIVE
4838,LIVE
4839,LIVE
4840,LIVE
4841,LIVE
4842,LIVE
4843,LIVE
4844,FAIL
4845,EXC
4846,LIVE
4847,EXC
4848,FAIL
4849,FAIL
4850,FAIL
4851,LIVE
4852,LIVE
4853,LIVE
4854,FAIL
4855,FAIL
4856,FAIL
4857,EXC
4858,LIVE
4859,LIVE
4860,FAIL
4861,LIVE
4862,LIVE
4863,LIVE
4864,LIVE
4865,LIVE
4866,LIVE
4867,FAIL
4868,LIVE
4869,FAIL
4888,LIVE
4889,LIVE
4890,LIVE
4891,LIVE
4892,LIVE
4893,LIVE
4894,LIVE
4895,LIVE
4896,LIVE
4897,FAIL
4898,FAIL
4899,LIVE
4900,LIVE
4901,FAIL
4902,LIVE
4903,LIVE
4904,LIVE
4905,LIVE
4906,LIVE
4907,FAIL
4908,EXC
4909,EXC
4910,EXC
4911,EXC
4912,EXC
4913,EXC
4914,LIVE
4916,LIVE
4917,LIVE
4918,LIVE
4919,FAIL
4920,EXC
4921,FAIL
4922,EXC
4923,FAIL
4924,FAIL
4925,FAIL
4926,EXC
4927,FAIL
4928,EXC
4929,FAIL
4930,FAIL
4931,FAIL
4932,EXC
4933,LIVE
4934,EXC
4935,LIVE
4936,EXC
4937,EXC
4938,LIVE
4939,EXC
4940,EXC
4941,EXC
4942,EXC
4943,LIVE
4944,EXC
4951,FAIL
4952,LIVE
4953,LIVE
4954,EXC
4955,LIVE
4956,LIVE
4957,EXC
4958,FAIL
4959,EXC
4960,LIVE
4961,EXC
4962,FAIL
4963,EXC
4964,LIVE
4965,FAIL
4966,EXC
4967,LIVE
4968,EXC
4969,FAIL
4970,FAIL
4971,FAIL
4972,LIVE
4973,LIVE
4974,LIVE
4975,FAIL
4976,FAIL
4977,FAIL
4978,EXC
4979,FAIL
4980,LIVE
4981,LIVE
4982,FAIL
4983,FAIL
4984,FAIL
4985,EXC
4986,EXC
4987,EXC
4988,EXC
4989,EXC
4990,EXC
4991,EXC
4992,EXC
4993,EXC
4994,EXC
4995,EXC
4996,LIVE
4997,EXC
4998,EXC
4999,EXC
5000,EXC
5001,LIVE
5002,EXC
5003,LIVE
5004,EXC
5005,FAIL
5006,FAIL
5007,LIVE
5008,EXC
5009,LIVE
5010,EXC
5011,FAIL
5012,LIVE
5013,EXC
5014,LIVE
5015,EXC
5016,FAIL
5017,EXC
5018,EXC
5019,LIVE
5020,EXC
5021,EXC
5022,EXC
5023,EXC
5024,EXC
5025,EXC
5026,EXC
5027,EXC
5028,FAIL
5029,LIVE
5030,EXC
5031,LIVE
5032,EXC
5033,LIVE
5034,LIVE
5035,LIVE
5036,EXC
5037,LIVE
5038,LIVE
5039,EXC
5040,EXC
5041,LIVE
5042,FAIL
5043,LIVE
5044,LIVE
5045,FAIL
5046,FAIL
5047,LIVE
5048,EXC
5049,EXC
5050,EXC
5051,EXC
5052,LIVE
5053,EXC
5054,EXC
5055,EXC
5056,LIVE
5057,EXC
5058,LIVE
5059,EXC
5060,EXC
5061,EXC
5062,EXC
5063,EXC
5064,EXC
5065,EXC
5066,LIVE
5067,EXC
5068,LIVE
5069,LIVE
5070,EXC
5071,LIVE
5072,EXC
5073,LIVE
5074,EXC
5075,EXC
5076,LIVE
5077,EXC
5078,EXC
5079,EXC
5080,LIVE
5081,EXC
5082,LIVE
5083,EXC
5084,LIVE
5085,EXC
5086,EXC
5090,EXC
5091,EXC
5092,LIVE
5093,EXC
5094,EXC
5095,EXC
5096,LIVE
5097,EXC
5098,EXC
5099,EXC
5100,EXC
5101,LIVE
5102,EXC
5103,LIVE
5104,EXC
5105,LIVE
5106,LIVE
5107,EXC
5108,LIVE
5109,EXC
5110,LIVE
5111,LIVE
5112,EXC
5113,LIVE
5114,LIVE
5115,LIVE
5116,LIVE
5117,LIVE
5118,LIVE
5119,LIVE
5120,LIVE
5121,LIVE
5122,LIVE
5123,EXC
5124,EXC
5125,LIVE
5126,EXC
5127,LIVE
5128,LIVE
5129,EXC
5130,EXC
5131,EXC
5132,EXC
5133,EXC
5134,EXC
5135,EXC
5136,FAIL
5137,FAIL
5138,EXC
5139,FAIL
5140,FAIL
5141,FAIL
5142,EXC
5143,EXC
5144,EXC
5145,EXC
5146,EXC
5147,EXC
5148,LIVE
5149,EXC
5150,EXC
5151,EXC
5152,EXC
5153,EXC
5154,EXC
5155,EXC
5156,EXC
5157,EXC
5158,EXC
5159,EXC
5160,EXC
5161,EXC
5162,EXC
5163,EXC
5164,LIVE
5165,LIVE
5166,EXC
5167,EXC
5168,LIVE
5169,LIVE
5172,LIVE
5178,LIVE
5179,LIVE
5180,LIVE
5181,LIVE
5182,LIVE
5183,LIVE
5184,EXC
5185,EXC
5186,EXC
5192,EXC
5193,FAIL
5194,EXC
5195,EXC
5196,EXC
5197,LIVE
5198,FAIL
5199,EXC
5200,LIVE
5201,LIVE
5212,FAIL
5213,FAIL
5214,LIVE
5215,LIVE
5223,EXC
5224,EXC
5225,LIVE
5226,LIVE
5227,EXC
5228,LIVE
5229,LIVE
5230,EXC
5231,EXC
5232,LIVE
5233,FAIL
5234,EXC
5235,EXC
5236,EXC
5237,EXC
5238,FAIL
5239,FAIL
5240,FAIL
5241,LIVE
5244,FAIL
5245,FAIL
5246,LIVE
5247,EXC
5248,LIVE
5249,LIVE
5250,LIVE
5262,LIVE
5263,LIVE
5264,LIVE
5276,FAIL
5277,LIVE
5288,EXC
5289,LIVE
5290,FAIL
5291,EXC
5292,EXC
5293,FAIL
5294,FAIL
5295,FAIL
5296,FAIL
5297,LIVE
5298,FAIL
5299,LIVE
5300,LIVE
5301,FAIL
5302,EXC
5303,LIVE
5304,FAIL
5305,EXC
5306,EXC
5307,EXC
5308,FAIL
5309,LIVE
5310,EXC
5311,FAIL
5312,EXC
5313,EXC
5314,FAIL
5315,FAIL
5316,EXC
5317,EXC
5318,EXC
5319,EXC
5320,EXC
5321,EXC
5322,EXC
5323,FAIL
5324,EXC
5325,FAIL
5326,FAIL
5327,FAIL
5328,LIVE
5329,FAIL
5332,EXC
5333,FAIL
5334,FAIL
5335,FAIL
5336,LIVE
5337,FAIL
5340,EXC
5341,EXC
5342,EXC
5343,FAIL
5344,FAIL
5345,EXC
5346,FAIL
5347,EXC
5348,EXC
5349,FAIL
5350,EXC
5351,FAIL
5352,EXC
5353,EXC
5354,EXC
5355,LIVE
5356,LIVE
5357,EXC
5360,EXC
5415,EXC
5416,LIVE
5417,LIVE
5418,LIVE
5419,FAIL
5430,FAIL
5431,LIVE
5432,EXC
5433,LIVE
5434,FAIL
5435,LIVE
5436,LIVE
5437,FAIL
5438,LIVE
5439,EXC
5440,EXC
5441,EXC
5442,EXC
5443,LIVE
5444,LIVE
5445,LIVE
5446,FAIL
5447,FAIL
5448,LIVE
5449,LIVE
5450,FAIL
5495,EXC
5496,LIVE
5497,FAIL
5498,LIVE
5499,LIVE
5500,FAIL
5501,LIVE
5502,LIVE
5503,LIVE
5504,FAIL
5505,EXC
5506,FAIL
5507,FAIL
5508,LIVE
5509,FAIL
5510,EXC
5511,EXC
5512,EXC
5513,EXC
5514,FAIL
5515,LIVE
5516,FAIL
5517,LIVE
5518,FAIL
5519,LIVE
5522,FAIL
5523,FAIL
5524,FAIL
5525,FAIL
5526,FAIL
5527,FAIL
5528,FAIL
5529,FAIL
5530,FAIL
5531,FAIL
5532,FAIL
5533,EXC
5534,FAIL
5535,EXC
5536,FAIL
5537,FAIL
5538,EXC
5539,EXC
5540,EXC
5541,FAIL
5542,EXC
5543,EXC
5544,EXC
5545,LIVE
5546,LIVE
5547,LIVE
5548,LIVE
5549,LIVE
5550,LIVE
5551,EXC
5552,EXC
5553,EXC
5554,EXC
5555,EXC
5556,EXC
5557,EXC
5558,EXC
5559,FAIL
5560,FAIL
5561,EXC
5562,EXC
5563,FAIL
5564,FAIL
5565,LIVE
5566,LIVE
5568,EXC
5569,EXC
5571,EXC
5572,EXC
5573,FAIL
5574,EXC
5575,EXC
5576,FAIL
5577,EXC
5578,EXC
5579,LIVE
5580,EXC
5581,EXC
5582,EXC
5583,EXC
5584,FAIL
5585,LIVE
5586,FAIL
5587,LIVE
5588,EXC
5589,FAIL
5590,FAIL
5591,LIVE
5592,FAIL
5593,LIVE
5595,EXC
5596,FAIL
5597,FAIL
5598,FAIL
5599,LIVE
5600,FAIL
5601,LIVE
5602,FAIL
5603,LIVE
5604,LIVE
5605,FAIL
5606,FAIL
5607,FAIL
5608,LIVE
5609,LIVE
5610,LIVE
5611,LIVE
5612,LIVE
5613,LIVE
5614,LIVE
5615,LIVE
5616,LIVE
5617,LIVE
5618,LIVE
5619,LIVE
5622,FAIL
5623,LIVE
5624,LIVE
5625,LIVE
5626,LIVE
5627,EXC
5628,EXC
5629,LIVE
5630,EXC
5632,LIVE
5633,FAIL
5634,EXC
5635,EXC
5636,EXC
5637,FAIL
5638,EXC
5639,EXC
5640,FAIL
5641,EXC
5642,EXC
5643,FAIL
5644,LIVE
5646,EXC
5647,FAIL
5648,LIVE
5649,FAIL
5650,FAIL
5651,FAIL
5652,FAIL
5653,FAIL
5654,FAIL
5655,LIVE
5656,FAIL
5657,FAIL
5658,LIVE
5659,FAIL
5660,FAIL
5661,FAIL
5662,EXC
5663,FAIL
5664,EXC
5665,EXC
5666,FAIL
5667,FAIL
5668,FAIL
5669,FAIL
5670,FAIL
5671,LIVE
5674,FAIL
5677,FAIL
5678,FAIL
5679,FAIL
5680,FAIL
5681,FAIL
5682,EXC
5683,EXC
5684,EXC
5685,EXC
5686,EXC
5691,EXC
5692,EXC
5693,LIVE
5694,EXC
5695,EXC
5696,FAIL
5697,FAIL
5698,EXC
5699,EXC
5700,FAIL
5701,EXC
5702,LIVE
5703,EXC
5704,FAIL
5705,FAIL
5706,FAIL
5707,FAIL
5708,LIVE
5709,EXC
5710,EXC
5711,FAIL
5712,LIVE
5713,LIVE
5714,LIVE
5715,EXC
5716,LIVE
5717,FAIL
5718,LIVE
5719,LIVE
5720,EXC
5721,EXC
5722,FAIL
5723,EXC
5724,FAIL
5725,FAIL
5726,FAIL
5727,TIME
5728,LIVE
5729,FAIL
5732,LIVE
5733,EXC
5735,FAIL
5736,EXC
5737,EXC
5738,FAIL
5739,LIVE
5740,LIVE
5741,EXC
5752,FAIL
5753,FAIL
5754,EXC
5755,EXC
5756,LIVE
5757,LIVE
5758,EXC
5759,LIVE
5760,EXC
5761,EXC
5762,EXC
5763,LIVE
5764,LIVE
5765,LIVE
5766,LIVE
5767,LIVE
5768,LIVE
5769,FAIL
5770,FAIL
5771,EXC
5781,LIVE
5782,LIVE
5783,LIVE
5784,FAIL
5785,LIVE
5786,LIVE
5787,FAIL
5788,LIVE
5789,LIVE
5790,FAIL
5791,LIVE
5792,FAIL
5793,LIVE
5794,LIVE
5795,FAIL
5797,LIVE
5799,EXC
5800,EXC
5801,FAIL
5802,EXC
5803,LIVE
5804,EXC
5805,EXC
5806,EXC
5807,EXC
5808,EXC
5809,EXC
5810,LIVE
5811,EXC
5812,FAIL
5813,FAIL
5814,EXC
5815,EXC
5816,LIVE
5817,EXC
5818,EXC
5829,LIVE
5830,EXC
5834,LIVE
5835,LIVE
5836,EXC
5837,EXC
5838,EXC
5839,LIVE
5840,LIVE
5841,LIVE
5842,EXC
5843,LIVE
5844,LIVE
5845,LIVE
5846,EXC
5847,LIVE
5848,EXC
5849,EXC
5850,FAIL
5851,EXC
5852,EXC
5853,LIVE
5854,LIVE
5855,FAIL
5856,LIVE
5857,EXC
5858,EXC
5859,FAIL
5860,FAIL
5861,LIVE
5862,LIVE
5863,EXC
5864,EXC
5865,FAIL
5866,EXC
5867,EXC
5868,EXC
5869,EXC
5870,EXC
5871,EXC
5872,LIVE
5873,EXC
5874,EXC
5875,EXC
5876,EXC
5877,FAIL
5878,FAIL
5879,FAIL
5880,EXC
5881,EXC
5882,LIVE
5883,EXC
5884,LIVE
5885,FAIL
5886,EXC
5887,EXC
5888,FAIL
5889,EXC
5890,EXC
5891,LIVE
5892,LIVE
5893,LIVE
5894,LIVE
5895,LIVE
5896,LIVE
5897,LIVE
5898,LIVE
5899,LIVE
5900,LIVE
5901,LIVE
5902,LIVE
5912,EXC
5913,LIVE
5914,LIVE
5915,LIVE
5924,LIVE
5925,EXC
5926,LIVE
5927,LIVE
5928,EXC
5929,FAIL
5930,EXC
5931,EXC
5932,EXC
5933,EXC
5934,LIVE
5935,EXC
5936,EXC
5937,EXC
5938,EXC
5939,EXC
5940,EXC
5941,EXC
5942,FAIL
5958,EXC
5959,EXC
5960,FAIL
5961,FAIL
5962,EXC
5963,EXC
5964,LIVE
5965,LIVE
5966,LIVE
5967,LIVE
5968,LIVE
5969,LIVE
5970,LIVE
5971,LIVE
5975,EXC
5976,LIVE
5977,LIVE
5978,EXC
5979,LIVE
5980,LIVE
5981,EXC
5982,EXC
5983,LIVE
5984,FAIL
5985,LIVE
5986,LIVE
5987,FAIL
5988,LIVE
5989,FAIL
5990,LIVE
5991,EXC
5992,FAIL
5993,EXC
5994,FAIL
5995,EXC
5996,EXC
5997,EXC
5998,FAIL
5999,FAIL
6000,FAIL
6001,EXC
6002,EXC
6003,LIVE
6004,EXC
6005,EXC
6006,EXC
6007,EXC
6008,EXC
6009,EXC
6010,LIVE
6011,EXC
6012,EXC
6013,EXC
6014,EXC
6015,EXC
6016,LIVE
6017,FAIL
6018,EXC
6019,EXC
6020,FAIL
6021,EXC
6022,LIVE
6023,FAIL
6024,EXC
6025,FAIL
6026,FAIL
6027,FAIL
6028,FAIL
6029,EXC
6030,EXC
6031,EXC
6032,EXC
6033,LIVE
6034,LIVE
6035,EXC
6036,EXC
6037,EXC
6038,EXC
6039,FAIL
6040,LIVE
6041,EXC
6042,LIVE
6043,FAIL
6044,LIVE
6045,LIVE
6046,EXC
6047,FAIL
6048,LIVE
6049,LIVE
6050,EXC
6051,LIVE
6052,EXC
6053,EXC
6054,EXC
6055,LIVE
6056,EXC
6057,LIVE
6058,EXC
6059,EXC
6060,EXC
6061,EXC
6062,EXC
6063,FAIL
6064,EXC
6065,LIVE
6066,EXC
6067,EXC
6068,EXC
6069,EXC
6070,EXC
6071,EXC
6072,EXC
6073,EXC
6074,EXC
6075,LIVE
6076,EXC
6077,LIVE
6078,LIVE
6079,EXC
6080,FAIL
6081,FAIL
6082,EXC
6083,FAIL
6084,FAIL
6085,EXC
6086,FAIL
6087,EXC
6088,LIVE
6097,EXC
6098,EXC
6099,EXC
6100,EXC
6101,EXC
6102,EXC
6103,LIVE
6104,EXC
6105,EXC
6106,EXC
6107,LIVE
6108,EXC
6109,EXC
6110,LIVE
6111,EXC
6112,EXC
6113,EXC
6114,EXC
6115,EXC
6116,EXC
6117,EXC
6118,EXC
6119,EXC
6120,EXC
6121,LIVE
6122,EXC
6123,EXC
6124,EXC
6125,EXC
6126,EXC
6127,EXC
6128,EXC
6129,EXC
6130,EXC
6131,LIVE
6132,EXC
6133,FAIL
6134,FAIL
6135,EXC
6136,EXC
6137,EXC
6138,EXC
6139,EXC
6140,EXC
6141,EXC
6142,EXC
6143,LIVE
6144,EXC
6145,FAIL
6146,EXC
6147,EXC
6148,FAIL
6149,EXC
6150,FAIL
6151,FAIL
6152,EXC
6153,EXC
6154,LIVE
6155,EXC
6156,EXC
6157,LIVE
6158,LIVE
6159,EXC
6160,EXC
6161,EXC
6162,EXC
6163,FAIL
6164,EXC
6165,EXC
6166,EXC
6167,EXC
6168,EXC
6169,FAIL
6170,EXC
6171,EXC
6172,EXC
6173,LIVE
6174,FAIL
6175,FAIL
6176,FAIL
6177,EXC
6178,EXC
6179,FAIL
6180,EXC
6181,FAIL
6182,FAIL
6183,FAIL
6184,EXC
6185,FAIL
6186,FAIL
6187,EXC
6188,FAIL
6189,EXC
6190,EXC
6191,FAIL
6192,EXC
6193,EXC
6194,EXC
6195,FAIL
6196,FAIL
6197,EXC
6198,EXC
6199,LIVE
6200,EXC
6201,EXC
6202,EXC
6203,FAIL
6204,EXC
6205,EXC
6206,EXC
6207,EXC
6208,EXC
6209,LIVE
6210,EXC
6211,EXC
6212,EXC
6213,EXC
6214,EXC
6215,EXC
6216,LIVE
6217,EXC
6218,EXC
6219,LIVE
6220,FAIL
6221,EXC
6222,LIVE
6223,EXC
6224,EXC
6225,FAIL
6226,EXC
6227,EXC
6228,LIVE
6229,EXC
6232,EXC
6233,FAIL
6234,EXC
6235,EXC
6236,LIVE
6237,EXC
6238,LIVE
6239,LIVE
6240,EXC
6242,EXC
6243,LIVE
6244,EXC
6245,EXC
6246,LIVE
6247,FAIL
6248,EXC
6249,FAIL
6250,EXC
6251,LIVE
6252,LIVE
6253,EXC
6254,FAIL
6255,FAIL
6260,LIVE
6261,LIVE
6262,EXC
6294,EXC
6295,EXC
6296,LIVE
6297,LIVE
6298,EXC
6299,LIVE
6300,LIVE
6301,LIVE
6302,LIVE
6303,EXC
6304,LIVE
6305,LIVE
6306,LIVE
6307,LIVE
6308,LIVE
6309,EXC
6310,FAIL
6311,FAIL
6312,LIVE
6313,LIVE
6314,LIVE
6315,LIVE
6316,LIVE
6322,FAIL
6323,LIVE
6324,LIVE
6325,LIVE
6327,EXC
6328,EXC
6329,FAIL
6330,FAIL
6331,LIVE
6332,FAIL
6333,FAIL
6334,EXC
6335,EXC
6336,FAIL
6337,FAIL
6338,FAIL
6339,LIVE
6340,FAIL
6341,FAIL
6342,EXC
6343,EXC
6344,FAIL
6345,EXC
6346,EXC
6347,EXC
6348,FAIL
6349,LIVE
6350,LIVE
6351,EXC
6352,LIVE
6353,LIVE
6354,FAIL
6355,LIVE
6356,LIVE
6357,FAIL
6358,LIVE
6359,LIVE
6361,FAIL
6362,FAIL
6363,LIVE
6364,FAIL
6365,FAIL
6366,EXC
6367,FAIL
6368,EXC
6369,EXC
6370,EXC
6371,FAIL
6372,EXC
6373,LIVE
6374,LIVE
6375,LIVE
6376,LIVE
6377,EXC
6378,LIVE
6379,LIVE
6380,FAIL
6381,FAIL
6382,FAIL
6383,LIVE
6384,FAIL
6385,FAIL
6386,FAIL
6387,LIVE
6388,LIVE
6389,EXC
6390,LIVE
6391,LIVE
6392,LIVE
6393,LIVE
6394,EXC
6395,LIVE
6396,LIVE
6397,FAIL
6398,FAIL
6399,EXC
6400,LIVE
6401,LIVE
6402,FAIL
6403,FAIL
6404,FAIL
6405,FAIL
6406,FAIL
6407,FAIL
6408,LIVE
6409,FAIL
6410,FAIL
6411,EXC
6412,EXC
6413,FAIL
6414,FAIL
6415,FAIL
6416,FAIL
6417,FAIL
6418,FAIL
6419,FAIL
6420,FAIL
6421,FAIL
6422,LIVE
6423,FAIL
6424,FAIL
6425,FAIL
6426,FAIL
6427,FAIL
6428,FAIL
6429,FAIL
6430,FAIL
6431,FAIL
6432,FAIL
6433,FAIL
6434,LIVE
6435,FAIL
6436,FAIL
6437,FAIL
6438,FAIL
6439,FAIL
6440,FAIL
6441,FAIL
6442,FAIL
6443,FAIL
6444,FAIL
6445,FAIL
6446,FAIL
6447,FAIL
6448,FAIL
6449,FAIL
6450,FAIL
6451,LIVE
6452,FAIL
6453,FAIL
6454,FAIL
6455,FAIL
6456,FAIL
6457,FAIL
6458,FAIL
6459,FAIL
6460,FAIL
6461,FAIL
6462,FAIL
6463,FAIL
6464,FAIL
6465,FAIL
6466,LIVE
6467,FAIL
6468,LIVE
6469,FAIL
6470,FAIL
6471,FAIL
6472,LIVE
6473,LIVE
6474,FAIL
6475,LIVE
6476,FAIL
6477,FAIL
6478,FAIL
6479,FAIL
6480,FAIL
6481,FAIL
6482,FAIL
6483,FAIL
6484,LIVE
6485,FAIL
6486,FAIL
6487,FAIL
6488,FAIL
6489,FAIL
6490,FAIL
6491,FAIL
6492,FAIL
6493,FAIL
6494,FAIL
6495,FAIL
6496,FAIL
6497,FAIL
6498,FAIL
6499,FAIL
6500,FAIL
6501,FAIL
6502,LIVE
6503,FAIL
6504,FAIL
6505,FAIL
6506,FAIL
6507,LIVE
6508,FAIL
6509,FAIL
6510,FAIL
6511,FAIL
6512,FAIL
6513,FAIL
6514,FAIL
6515,LIVE
6516,EXC
6517,EXC
6518,FAIL
6519,LIVE
6520,FAIL
6521,EXC
6522,EXC
6523,EXC
6524,EXC
6525,EXC
6532,FAIL
6533,LIVE
6534,LIVE
6535,LIVE
6536,FAIL
6537,LIVE
6538,LIVE
6539,LIVE
6540,LIVE
6541,LIVE
6542,LIVE
6543,LIVE
6544,LIVE
6545,FAIL
6546,FAIL
6547,LIVE
6548,LIVE
6549,LIVE
6550,FAIL
6551,FAIL
6552,FAIL
6553,FAIL
6554,FAIL
6555,FAIL
6556,FAIL
6557,FAIL
6558,FAIL
6559,FAIL
6560,FAIL
6561,LIVE
6562,LIVE
6563,LIVE
6564,EXC
6565,LIVE
6566,LIVE
6567,EXC
6568,FAIL
6569,FAIL
6570,LIVE
6571,FAIL
6572,EXC
6573,EXC
6574,EXC
6575,EXC
6576,EXC
6577,EXC
6578,FAIL
6579,FAIL
6580,EXC
6581,LIVE
6582,LIVE
6583,EXC
6584,LIVE
6585,EXC
6586,EXC
6587,LIVE
6588,LIVE
6589,LIVE
6590,LIVE
6591,EXC
6592,LIVE
6593,LIVE
6594,LIVE
6595,LIVE
6596,EXC
6597,LIVE
6598,LIVE
6599,LIVE
6600,LIVE
6601,LIVE
6602,EXC
6603,EXC
6604,LIVE
6605,LIVE
6606,EXC
6607,LIVE
6608,LIVE
6609,LIVE
6610,LIVE
6611,FAIL
6612,FAIL
6613,EXC
6614,EXC
6615,EXC
6616,LIVE
6617,EXC
6618,EXC
6619,EXC
6620,EXC
6621,FAIL
6622,LIVE
6623,FAIL
6624,EXC
6625,EXC
6626,EXC
6627,LIVE
6628,LIVE
6629,EXC
6630,LIVE
6631,LIVE
6632,LIVE
6633,LIVE
6634,LIVE
6635,LIVE
6636,LIVE
6637,FAIL
6638,FAIL
6639,TIME
6640,LIVE
6641,FAIL
6642,LIVE
6643,LIVE
6644,EXC
6645,EXC
6646,EXC
6647,LIVE
6648,LIVE
6649,EXC
6650,EXC
6651,EXC
6652,EXC
6653,EXC
6654,LIVE
6655,LIVE
6656,EXC
6657,LIVE
6658,EXC
6659,LIVE
6660,EXC
6662,EXC
6663,LIVE
6664,LIVE
6665,LIVE
6666,LIVE
6667,EXC
6668,LIVE
6669,LIVE
6670,LIVE
6671,EXC
6672,EXC
6673,EXC
6674,EXC
6675,EXC
6676,EXC
6677,EXC
6678,LIVE
6679,LIVE
6680,LIVE
6681,EXC
6682,LIVE
6683,LIVE
6684,EXC
6685,LIVE
6686,LIVE
6687,LIVE
6688,EXC
6689,EXC
6690,EXC
6691,EXC
6692,EXC
6698,EXC
6699,EXC
6700,EXC
6701,EXC
6702,LIVE
6703,LIVE
6704,EXC
6705,LIVE
6706,LIVE
6707,FAIL
6708,LIVE
6709,LIVE
6710,FAIL
6711,LIVE
6712,LIVE
6714,EXC
6715,EXC
6716,EXC
6717,EXC
6718,EXC
6719,FAIL
6720,EXC
6721,LIVE
6722,EXC
6723,EXC
6724,FAIL
6725,FAIL
6726,EXC
6727,LIVE
6728,LIVE
6729,LIVE
6730,LIVE
6731,LIVE
6732,FAIL
6736,LIVE
6737,EXC
6738,EXC
6739,FAIL
6740,EXC
6741,FAIL
6742,FAIL
6743,TIME
6744,FAIL
6745,FAIL
6746,EXC
6747,EXC
6748,FAIL
6749,FAIL
6750,FAIL
6751,FAIL
6752,LIVE
6753,FAIL
6754,FAIL
6755,FAIL
6756,FAIL
6757,FAIL
6758,LIVE
6759,FAIL
6760,LIVE
6761,FAIL
6762,FAIL
6763,FAIL
6764,FAIL
6765,EXC
6766,LIVE
6767,EXC
6768,FAIL
6769,TIME
6770,EXC
6771,LIVE
6772,LIVE
6773,EXC
6774,LIVE
6775,LIVE
6776,FAIL
6777,EXC
6778,FAIL
6779,EXC
6780,LIVE
6781,LIVE
6782,LIVE
6783,LIVE
6784,LIVE
6785,LIVE
6786,LIVE
6787,LIVE
6788,FAIL
6789,LIVE
6790,EXC
6791,LIVE
6792,EXC
6793,EXC
6794,LIVE
6795,LIVE
6796,LIVE
6797,LIVE
6798,LIVE
6799,FAIL
6800,FAIL
6801,FAIL
6802,EXC
6803,EXC
6804,EXC
6805,EXC
6806,EXC
6807,LIVE
6808,LIVE
6809,LIVE
6810,LIVE
6811,LIVE
6812,LIVE
6813,EXC
6817,EXC
6818,EXC
6819,EXC
6820,EXC
6821,LIVE
6822,EXC
6823,EXC
6827,EXC
6828,EXC
6829,LIVE
6830,EXC
6831,EXC
6832,EXC
6833,EXC
6834,EXC
6875,FAIL
6876,LIVE
6877,LIVE
6878,FAIL
6879,LIVE
6880,LIVE
6882,EXC
6883,EXC
6884,LIVE
6885,FAIL
6886,FAIL
6887,FAIL
6888,FAIL
6889,FAIL
6890,FAIL
6891,FAIL
6892,FAIL
6893,FAIL
6894,LIVE
6895,FAIL
6896,FAIL
6897,EXC
6898,FAIL
6899,EXC
6900,EXC
6901,EXC
6902,FAIL
6909,LIVE
6910,LIVE
6911,LIVE
6912,EXC
6913,LIVE
6914,LIVE
6915,FAIL
6916,LIVE
6917,LIVE
6918,LIVE
6919,FAIL
6920,LIVE
6921,LIVE
6923,EXC
6924,EXC
6925,LIVE
6926,EXC
6927,LIVE
6928,LIVE
6929,FAIL
6930,LIVE
6931,LIVE
6932,LIVE
6933,FAIL
6934,EXC
6935,EXC
6936,EXC
6938,LIVE
6939,LIVE
6940,LIVE
6942,EXC
6943,FAIL
6944,FAIL
6945,FAIL
6946,EXC
6947,LIVE
6948,LIVE
6949,EXC
6950,LIVE
6951,LIVE
6952,FAIL
6953,EXC
6954,FAIL
6955,FAIL
6956,FAIL
6957,FAIL
6958,FAIL
6959,FAIL
6960,FAIL
6961,FAIL
6962,FAIL
6963,LIVE
6964,EXC
6965,EXC
6966,FAIL
6968,FAIL
6970,EXC
6971,FAIL
6972,EXC
6974,EXC
6975,EXC
6976,FAIL
6977,EXC
6978,FAIL
6979,EXC
6980,FAIL
6981,FAIL
6982,FAIL
6984,EXC
6985,EXC
6986,EXC
6987,FAIL
6988,FAIL
6989,FAIL
6990,FAIL
6992,EXC
6993,FAIL
6994,FAIL
6995,EXC
6996,FAIL
6997,FAIL
6998,FAIL
6999,EXC
7000,EXC
7001,FAIL
7002,FAIL
7003,EXC
7004,EXC
7005,EXC
7006,EXC
7007,LIVE
7008,EXC
7009,EXC
7010,EXC
7011,EXC
7012,LIVE
7013,FAIL
7014,LIVE
7015,EXC
7016,EXC
7019,FAIL
7020,FAIL
7021,LIVE
7022,LIVE
7023,LIVE
7024,LIVE
7025,LIVE
7026,FAIL
7027,FAIL
7028,LIVE
7029,LIVE
7030,EXC
7032,FAIL
7033,EXC
7034,EXC
7035,LIVE
7036,LIVE
7037,LIVE
7038,LIVE
7039,LIVE
7040,LIVE
7041,LIVE
7042,LIVE
7045,FAIL
7046,LIVE
7047,FAIL
7048,FAIL
7054,FAIL
7055,EXC
7056,FAIL
7057,LIVE
7058,FAIL
7059,LIVE
7060,FAIL
7066,FAIL
7067,LIVE
7068,FAIL
7069,LIVE
7070,FAIL
7071,EXC
7072,FAIL
7073,FAIL
7074,LIVE
7075,FAIL
7076,FAIL
7077,FAIL
7078,FAIL
7079,LIVE
7080,EXC
7081,FAIL
7082,LIVE
7083,FAIL
7084,LIVE
7086,FAIL
7087,EXC
7088,FAIL
7089,EXC
7090,FAIL
7091,EXC
7092,FAIL
7093,FAIL
7094,EXC
7095,FAIL
7096,FAIL
7097,LIVE
7098,FAIL
7099,FAIL
7100,LIVE
7101,LIVE
7107,EXC
7108,LIVE
7109,LIVE
7113,EXC
7231,EXC
7232,EXC
7233,EXC
7234,EXC
7236,LIVE
7237,EXC
7238,LIVE
7239,LIVE
7241,EXC
7242,LIVE
7243,EXC
7258,EXC
7259,EXC
7260,LIVE
7267,EXC
7268,FAIL
7269,LIVE
7272,FAIL
7273,EXC
7276,FAIL
7277,FAIL
7278,FAIL
7279,EXC
7281,FAIL
7282,EXC
7283,FAIL
7284,LIVE
7285,LIVE
7286,LIVE
7287,FAIL
7288,FAIL
7292,FAIL
7293,FAIL
7295,EXC
7296,EXC
7297,EXC
7298,FAIL
7299,LIVE
7300,FAIL
7305,EXC
7306,LIVE
7307,LIVE
7308,LIVE
7309,LIVE
7310,LIVE
7311,LIVE
7312,FAIL
7313,FAIL
7314,EXC
7315,FAIL
7316,FAIL
7317,FAIL
7318,EXC
7319,EXC
7320,FAIL
7321,EXC
7322,LIVE
7323,EXC
7324,LIVE
7325,FAIL
7326,LIVE
7327,EXC
7328,EXC
7329,FAIL
7330,EXC
7331,EXC
7332,LIVE
7333,LIVE
7334,LIVE
7335,LIVE
7336,LIVE
7337,LIVE
7338,LIVE
7339,EXC
7340,LIVE
7341,LIVE
7342,LIVE
7343,LIVE
7344,LIVE
7345,LIVE
7346,LIVE
7347,LIVE
7348,EXC
7349,FAIL
7350,TIME
7351,LIVE
7352,EXC
7353,LIVE
7354,FAIL
7355,EXC
7356,FAIL
7357,LIVE
7360,FAIL
7361,FAIL
7362,LIVE
7364,FAIL
7365,FAIL
7366,LIVE
7367,LIVE
7368,FAIL
7369,LIVE
7370,EXC
7371,EXC
7372,EXC
7375,FAIL
7376,FAIL
7377,FAIL
7378,FAIL
7379,FAIL
7380,FAIL
7381,LIVE
7382,LIVE
7383,LIVE
7384,FAIL
7385,EXC
7386,EXC
7387,FAIL
7388,EXC
7389,EXC
7390,EXC
7391,EXC
7396,FAIL
7397,LIVE
7398,FAIL
7399,LIVE
7400,EXC
7401,EXC
7402,FAIL
7403,LIVE
7404,LIVE
7405,LIVE
7406,FAIL
7407,FAIL
7408,FAIL
7409,FAIL
7410,LIVE
7411,FAIL
7412,FAIL
7413,FAIL
7414,EXC
7415,EXC
7416,FAIL
7417,EXC
7418,FAIL
7419,FAIL
7420,LIVE
7421,FAIL
7422,FAIL
7423,FAIL
7424,LIVE
7425,FAIL
7426,FAIL
7428,EXC
7429,LIVE
7430,FAIL
7432,FAIL
7437,EXC
7438,FAIL
7440,FAIL
7441,FAIL
7442,EXC
7443,FAIL
7444,EXC
7445,EXC
7446,FAIL
7447,FAIL
7448,FAIL
7449,EXC
7450,FAIL
7451,EXC
7452,EXC
7453,FAIL
7454,EXC
